id,timestamp,symbol,direction,action,quantity,entry_price,exit_price,status,realized_pnl,realized_pnl_percent,max_profit_percent,max_drawdown_percent,regime,confidence,reasons
paper_NRBBEARING_NS_1789962407642,1789962407.6434407,NRBBEARING.NS,BUY,OPEN,18,531.0999755859375,,OPEN,,,,,N/A,0.0,"Morning Executor: gap +1.07% (0.24x ATR, NORMAL band); No NEW company-specific overnight news since last night's scan. | 20 macro headline(s), bias 0.06 — not a blocker."
paper_STEELXIND_NS_1789962409176,1789962409.1775649,STEELXIND.NS,BUY,OPEN,833,11.539999961853027,,OPEN,,,,,N/A,0.0,"Morning Executor: gap -1.70% (0.34x ATR, NORMAL band); No NEW company-specific overnight news since last night's scan. | 20 macro headline(s), bias 0.06 — not a blocker."
paper_USHAMART_NS_1789962410878,1789962410.879465,USHAMART.NS,BUY,OPEN,18,510.0,,OPEN,,,,,N/A,0.0,"Morning Executor: gap +0.55% (0.20x ATR, NORMAL band); No NEW company-specific overnight news since last night's scan. | 20 macro headline(s), bias 0.06 — not a blocker."
paper_SHYAMMETL_NS_1789962412482,1789962412.4832592,SHYAMMETL.NS,BUY,OPEN,8,1111.0,,OPEN,,,,,N/A,0.0,"Morning Executor: gap +1.00% (0.34x ATR, NORMAL band); No NEW company-specific overnight news since last night's scan. | 20 macro headline(s), bias 0.06 — not a blocker."
paper_NORTHARC_NS_1789962414073,1789962414.074885,NORTHARC.NS,BUY,OPEN,30,313.6000061035156,,OPEN,,,,,N/A,0.0,"Morning Executor: gap +0.00% (0.00x ATR, NORMAL band); No NEW company-specific overnight news since last night's scan. | 20 macro headline(s), bias 0.06 — not a blocker."
paper_APLAPOLLO_NS_1789962415575,1789962415.576742,APLAPOLLO.NS,BUY,OPEN,4,2224.199951171875,,OPEN,,,,,N/A,0.0,"Morning Executor: gap -2.02% (0.74x ATR, NORMAL band); No NEW company-specific overnight news since last night's scan. | 20 macro headline(s), bias 0.06 — not a blocker."
paper_PETRONET_NS_1789962417131,1789962417.1329331,PETRONET.NS,BUY,OPEN,32,287.0,,OPEN,,,,,N/A,0.0,"Morning Executor: gap -1.91% (0.96x ATR, NORMAL band); No NEW company-specific overnight news since last night's scan. | 20 macro headline(s), bias 0.06 — not a blocker."
paper_ACMESOLAR_NS_1789962418571,1789962418.5733893,ACMESOLAR.NS,BUY,OPEN,20,439.0,,OPEN,,,,,N/A,0.0,"Morning Executor: gap +0.86% (0.23x ATR, NORMAL band); No NEW company-specific overnight news since last night's scan. | 20 macro headline(s), bias 0.06 — not a blocker."
paper_PRECWIRE_NS_1789962420139,1789962420.1402278,PRECWIRE.NS,BUY,OPEN,17,478.3999938964844,,OPEN,,,,,N/A,0.0,"Morning Executor: gap -0.00% (0.00x ATR, NORMAL band); No company-specific news available. | 20 macro headline(s), bias 0.06 — not a blocker."
paper_WELCORP_NS_1789962421778,1789962421.7795289,WELCORP.NS,BUY,OPEN,2,2758.0,,OPEN,,,,,N/A,0.0,"Morning Executor: gap +3.68% (0.77x ATR, NORMAL band); No NEW company-specific overnight news since last night's scan. | 20 macro headline(s), bias 0.06 — not a blocker."
paper_ENGINERSIN_NS_1789962423400,1789962423.4013796,ENGINERSIN.NS,BUY,OPEN,29,268.25,,OPEN,,,,,N/A,0.0,"Morning Executor: gap +0.71% (0.22x ATR, NORMAL band); No NEW company-specific overnight news since last night's scan. | 20 macro headline(s), bias 0.06 — not a blocker."
paper_INDHOTEL_NS_1789962425159,1789962425.1604106,INDHOTEL.NS,BUY,OPEN,9,748.0499877929688,,OPEN,,,,,N/A,0.0,"Morning Executor: gap +2.09% (1.05x ATR, WARNING band); No NEW company-specific overnight news since last night's scan. | 20 macro headline(s), bias 0.06 — not a blocker."
paper_CEIGALL_NS_1789962426592,1789962426.5935917,CEIGALL.NS,BUY,OPEN,18,374.0,,OPEN,,,,,N/A,0.0,"Morning Executor: gap +0.07% (0.02x ATR, NORMAL band); No NEW company-specific overnight news since last night's scan. | 20 macro headline(s), bias 0.06 — not a blocker."
paper_EMIL_NS_1789962428226,1789962428.2279704,EMIL.NS,BUY,OPEN,34,197.27999877929688,,OPEN,,,,,N/A,0.0,"Morning Executor: gap +0.51% (0.11x ATR, NORMAL band); No NEW company-specific overnight news since last night's scan. | 20 macro headline(s), bias 0.06 — not a blocker."
paper_TMPV_NS_1789962429962,1789962429.9642441,TMPV.NS,SELL,OPEN,21,303.79998779296875,,OPEN,,,,,N/A,0.0,"Morning Executor: gap -0.00% (0.00x ATR, NORMAL band); No NEW company-specific overnight news since last night's scan. | 20 macro headline(s), bias 0.06 — not a blocker."
paper_ZYDUSLIFE_NS_1789962431599,1789962431.6008193,ZYDUSLIFE.NS,BUY,OPEN,5,1155.0,,OPEN,,,,,N/A,0.0,"Morning Executor: gap -0.43% (0.17x ATR, NORMAL band); No NEW company-specific overnight news since last night's scan. | 20 macro headline(s), bias 0.06 — not a blocker."
paper_GESHIP_NS_1789962433129,1789962433.1329823,GESHIP.NS,BUY,OPEN,4,1437.800048828125,,OPEN,,,,,N/A,0.0,"Morning Executor: gap +0.40% (0.16x ATR, NORMAL band); No NEW company-specific overnight news since last night's scan. | 20 macro headline(s), bias 0.06 — not a blocker."
paper_JYOTICNC_NS_1789962434540,1789962434.5416734,JYOTICNC.NS,BUY,OPEN,5,1058.199951171875,,OPEN,,,,,N/A,0.0,"Morning Executor: gap +0.81% (0.21x ATR, NORMAL band); No NEW company-specific overnight news since last night's scan. | 20 macro headline(s), bias 0.06 — not a blocker."
paper_NAZARA_NS_1789962436041,1789962436.0430584,NAZARA.NS,BUY,OPEN,14,370.20001220703125,,OPEN,,,,,N/A,0.0,"Morning Executor: gap +0.23% (0.07x ATR, NORMAL band); No NEW company-specific overnight news since last night's scan. | 20 macro headline(s), bias 0.06 — not a blocker."
paper_SUZLON_NS_1789962437447,1789962437.448904,SUZLON.NS,SELL,OPEN,115,43.13999938964844,,OPEN,,,,,N/A,0.0,"Morning Executor: gap -0.00% (0.00x ATR, NORMAL band); No NEW company-specific overnight news since last night's scan. | 20 macro headline(s), bias 0.06 — not a blocker."
paper_TCS_NS_1789962438889,1789962438.8905797,TCS.NS,SELL,OPEN,2,2090.0,,OPEN,,,,,N/A,0.0,"Morning Executor: gap -0.71% (0.23x ATR, NORMAL band); No NEW company-specific overnight news since last night's scan. | 20 macro headline(s), bias 0.06 — not a blocker."
paper_ELLEN_NS_1789962440274,1789962440.276052,ELLEN.NS,BUY,OPEN,12,375.0,,OPEN,,,,,N/A,0.0,"Morning Executor: gap +0.51% (0.10x ATR, NORMAL band); No company-specific news available. | 20 macro headline(s), bias 0.06 — not a blocker."
paper_ARFIN_NS_1789962441946,1789962441.948083,ARFIN.NS,BUY,OPEN,47,90.44999694824219,,OPEN,,,,,N/A,0.0,"Morning Executor: gap +0.93% (0.21x ATR, NORMAL band); No company-specific news available. | 20 macro headline(s), bias 0.06 — not a blocker."
paper_NITCO_NS_1789962443334,1789962443.3358765,NITCO.NS,SELL,OPEN,46,87.0,,OPEN,,,,,N/A,0.0,"Morning Executor: gap +0.00% (0.00x ATR, NORMAL band); No company-specific news available. | 20 macro headline(s), bias 0.06 — not a blocker."
paper_SOUTHBANK_NS_1789962444866,1789962444.8677182,SOUTHBANK.NS,BUY,OPEN,84,45.83000183105469,,OPEN,,,,,N/A,0.0,"Morning Executor: gap -0.52% (0.21x ATR, NORMAL band); No NEW company-specific overnight news since last night's scan. | 20 macro headline(s), bias 0.06 — not a blocker."
paper_UNOMINDA_NS_1789962446328,1789962446.3300238,UNOMINDA.NS,BUY,OPEN,2,1259.9000244140625,,OPEN,,,,,N/A,0.0,"Morning Executor: gap -1.88% (0.75x ATR, NORMAL band); No NEW company-specific overnight news since last night's scan. | 20 macro headline(s), bias 0.06 — not a blocker."
paper_RKFORGE_NS_1789962447849,1789962447.8508198,RKFORGE.NS,BUY,OPEN,4,725.0,,OPEN,,,,,N/A,0.0,"Morning Executor: gap +0.12% (0.04x ATR, NORMAL band); No NEW company-specific overnight news since last night's scan. | 20 macro headline(s), bias 0.06 — not a blocker."
paper_GRANULES_NS_1789962449550,1789962449.5519195,GRANULES.NS,BUY,OPEN,3,879.25,,OPEN,,,,,N/A,0.0,"Morning Executor: gap +0.43% (0.13x ATR, NORMAL band); No NEW company-specific overnight news since last night's scan. | 20 macro headline(s), bias 0.06 — not a blocker."
paper_VISHWARAJ_NS_1789962451038,1789962451.0402114,VISHWARAJ.NS,SELL,OPEN,602,5.449999809265137,,OPEN,,,,,N/A,0.0,"Morning Executor: gap +2.64% (0.54x ATR, NORMAL band); No company-specific news available. | 20 macro headline(s), bias 0.06 — not a blocker."
paper_SYRMA_NS_1789962452569,1789962452.5711894,SYRMA.NS,BUY,OPEN,1,1721.0,,OPEN,,,,,N/A,0.0,"Morning Executor: gap -0.46% (0.11x ATR, NORMAL band); No NEW company-specific overnight news since last night's scan. | 20 macro headline(s), bias 0.06 — not a blocker."
paper_CGPOWER_NS_1789962454161,1789962454.1630871,CGPOWER.NS,BUY,OPEN,3,903.0,,OPEN,,,,,N/A,0.0,"Morning Executor: gap +1.23% (0.45x ATR, NORMAL band); No NEW company-specific overnight news since last night's scan. | 20 macro headline(s), bias 0.06 — not a blocker."
paper_LTF_NS_1789962455684,1789962455.6854408,LTF.NS,BUY,OPEN,9,311.0,,OPEN,,,,,N/A,0.0,"Morning Executor: gap -0.58% (0.20x ATR, NORMAL band); No NEW company-specific overnight news since last night's scan. | 20 macro headline(s), bias 0.06 — not a blocker."
paper_JTLIND_NS_1789962457203,1789962457.2051702,JTLIND.NS,BUY,OPEN,31,87.30000305175781,,OPEN,,,,,N/A,0.0,"Morning Executor: gap -0.42% (0.09x ATR, NORMAL band); No NEW company-specific overnight news since last night's scan. | 20 macro headline(s), bias 0.06 — not a blocker."
paper_HINDZINC_NS_1789962458625,1789962458.6270547,HINDZINC.NS,BUY,OPEN,4,590.9500122070312,,OPEN,,,,,N/A,0.0,"Morning Executor: gap -0.85% (0.30x ATR, NORMAL band); No NEW company-specific overnight news since last night's scan. | 20 macro headline(s), bias 0.06 — not a blocker."
paper_GUJTHEM_NS_1789962460100,1789962460.1014712,GUJTHEM.NS,BUY,OPEN,5,431.5,,OPEN,,,,,N/A,0.0,"Morning Executor: gap +0.96% (0.20x ATR, NORMAL band); No company-specific news available. | 20 macro headline(s), bias 0.06 — not a blocker."
paper_ANANTRAJ_NS_1789962461689,1789962461.6909592,ANANTRAJ.NS,BUY,OPEN,3,606.0,,OPEN,,,,,N/A,0.0,"Morning Executor: gap -0.02% (0.01x ATR, NORMAL band); No NEW company-specific overnight news since last night's scan. | 20 macro headline(s), bias 0.06 — not a blocker."
paper_MOTILALOFS_NS_1789962463186,1789962463.1873825,MOTILALOFS.NS,BUY,OPEN,2,1001.0,,OPEN,,,,,N/A,0.0,"Morning Executor: gap -0.89% (0.32x ATR, NORMAL band); No NEW company-specific overnight news since last night's scan. | 20 macro headline(s), bias 0.06 — not a blocker."
paper_GANDHAR_NS_1789962465188,1789962465.1895013,GANDHAR.NS,BUY,OPEN,7,276.20001220703125,,OPEN,,,,,N/A,0.0,"Morning Executor: gap +0.00% (0.00x ATR, NORMAL band); No NEW company-specific overnight news since last night's scan. | 20 macro headline(s), bias 0.06 — not a blocker."
paper_PCBL_NS_1789962466764,1789962466.7659292,PCBL.NS,BUY,OPEN,6,336.70001220703125,,OPEN,,,,,N/A,0.0,"Morning Executor: gap +0.00% (0.00x ATR, NORMAL band); No NEW company-specific overnight news since last night's scan. | 20 macro headline(s), bias 0.06 — not a blocker."
paper_VAKRANGEE_NS_1789962468515,1789962468.5174677,VAKRANGEE.NS,SELL,OPEN,375,5.349999904632568,,OPEN,,,,,N/A,0.0,"Morning Executor: gap +0.94% (0.29x ATR, NORMAL band); No company-specific news available. | 20 macro headline(s), bias 0.06 — not a blocker."
paper_SKIPPER_NS_1789962470013,1789962470.0148928,SKIPPER.NS,BUY,OPEN,3,563.0,,OPEN,,,,,N/A,0.0,"Morning Executor: gap -0.57% (0.13x ATR, NORMAL band); No NEW company-specific overnight news since last night's scan. | 20 macro headline(s), bias 0.06 — not a blocker."
paper_SSWL_NS_1789962471675,1789962471.6785665,SSWL.NS,BUY,OPEN,4,375.0,,OPEN,,,,,N/A,0.0,"Morning Executor: gap +0.70% (0.15x ATR, NORMAL band); No NEW company-specific overnight news since last night's scan. | 20 macro headline(s), bias 0.06 — not a blocker."
paper_QUESS_NS_1789962473233,1789962473.2347727,QUESS.NS,BUY,OPEN,4,351.6499938964844,,OPEN,,,,,N/A,0.0,"Morning Executor: gap -0.00% (0.00x ATR, NORMAL band); No NEW company-specific overnight news since last night's scan. | 20 macro headline(s), bias 0.06 — not a blocker."
paper_CYIENT_NS_1789962474617,1789962474.6188376,CYIENT.NS,BUY,OPEN,1,1085.699951171875,,OPEN,,,,,N/A,0.0,"Morning Executor: gap +1.16% (0.31x ATR, NORMAL band); No NEW company-specific overnight news since last night's scan. | 20 macro headline(s), bias 0.06 — not a blocker."
paper_ATHERENERG_NS_1789962476239,1789962476.2408652,ATHERENERG.NS,BUY,OPEN,1,1621.0,,OPEN,,,,,N/A,0.0,"Morning Executor: gap -1.16% (0.30x ATR, NORMAL band); No NEW company-specific overnight news since last night's scan. | 20 macro headline(s), bias 0.06 — not a blocker."
paper_IONEXCHANG_NS_1789962477649,1789962477.6512306,IONEXCHANG.NS,BUY,OPEN,3,441.1499938964844,,OPEN,,,,,N/A,0.0,"Morning Executor: gap -0.26% (0.07x ATR, NORMAL band); No NEW company-specific overnight news since last night's scan. | 20 macro headline(s), bias 0.06 — not a blocker."
paper_MAHABANK_NS_1789962479266,1789962479.2676916,MAHABANK.NS,BUY,OPEN,17,83.44000244140625,,OPEN,,,,,N/A,0.0,"Morning Executor: gap -0.12% (0.04x ATR, NORMAL band); No NEW company-specific overnight news since last night's scan. | 20 macro headline(s), bias 0.06 — not a blocker."
paper_SALASAR_NS_1789962480706,1789962480.7078693,SALASAR.NS,SELL,OPEN,288,4.869999885559082,,OPEN,,,,,N/A,0.0,"Morning Executor: gap -0.41% (0.09x ATR, NORMAL band); No company-specific news available. | 20 macro headline(s), bias 0.06 — not a blocker."
paper_URBANCO_NS_1789962482050,1789962482.0515785,URBANCO.NS,BUY,OPEN,7,168.3000030517578,,OPEN,,,,,N/A,0.0,"Morning Executor: gap -0.48% (0.11x ATR, NORMAL band); No company-specific news available. | 20 macro headline(s), bias 0.06 — not a blocker."
paper_INDGN_NS_1789962483642,1789962483.6439772,INDGN.NS,BUY,OPEN,2,603.0499877929688,,OPEN,,,,,N/A,0.0,"Morning Executor: gap +0.49% (0.18x ATR, NORMAL band); No NEW company-specific overnight news since last night's scan. | 20 macro headline(s), bias 0.06 — not a blocker."
trade_1789962546051,1789962546.0510445,AUROPHARMA.NS,BUY,CLOSE,3,1660.5,1730.7,CLOSED,210.60000000000014,4.227642276422767,4.227642276422767,0.7347184582956968,BULL,78.87,"Break-even stop activated.; Excellent risk/reward profile.; Risk engine flagged this symbol as unsafe (grade: C, total_risk: 35/100). Plain weighted score exceeded the safety threshold (RiskManager.MAX_TOTAL_RISK=35). Raw components (0-100 each): atr=45 gap=75 overnight=10 news=10 liquidity=20 volatility=30 portfolio=35 sector=10 correlation=12 capital=95.; Risk engine flagged this symbol as unsafe (grade: C, total_risk: 35/100). Plain weighted score exceeded the safety threshold (RiskManager.MAX_TOTAL_RISK=35). Raw components (0-100 each): atr=45 gap=75 overnight=10 news=10 liquidity=20 volatility=30 portfolio=35 sector=10 correlation=12 capital=95."
trade_1789962546864,1789962546.864951,BLACKBUCK.NS,BUY,CLOSE,11,616.0,633.8,CLOSED,195.7999999999995,2.8896103896103824,2.8896103896103824,0.5681818181818182,BULL,69.43,"Below preferred risk/reward profile.; Risk engine flagged this symbol as unsafe (grade: C, total_risk: 40/100). Plain weighted score exceeded the safety threshold (RiskManager.MAX_TOTAL_RISK=35). Raw components (0-100 each): atr=70 gap=10 overnight=10 news=10 liquidity=20 volatility=30 portfolio=75 sector=10 correlation=12 capital=75.; Risk engine flagged this symbol as unsafe (grade: C, total_risk: 40/100). Plain weighted score exceeded the safety threshold (RiskManager.MAX_TOTAL_RISK=35). Raw components (0-100 each): atr=70 gap=10 overnight=10 news=10 liquidity=20 volatility=30 portfolio=75 sector=10 correlation=12 capital=75."
trade_1789962547731,1789962547.731763,NORTHARC.NS,BUY,CLOSE,30,313.6000061035156,311.2,CLOSED,-72.00018310546909,-0.7653080538281058,0.0,0.7653080538281058,BULL,75.97,"Below preferred risk/reward profile.; Risk engine flagged this symbol as unsafe (grade: C, total_risk: 40/100). Plain weighted score exceeded the safety threshold (RiskManager.MAX_TOTAL_RISK=35). Raw components (0-100 each): atr=70 gap=10 overnight=10 news=10 liquidity=20 volatility=30 portfolio=75 sector=10 correlation=12 capital=75.; Risk engine flagged this symbol as unsafe (grade: C, total_risk: 40/100). Plain weighted score exceeded the safety threshold (RiskManager.MAX_TOTAL_RISK=35). Raw components (0-100 each): atr=70 gap=10 overnight=10 news=10 liquidity=20 volatility=30 portfolio=75 sector=10 correlation=12 capital=75."
trade_1789962548540,1789962548.5402148,IONEXCHANG.NS,BUY,CLOSE,3,441.1499938964844,441.1,CLOSED,-0.1499816894530568,-0.011332629984368379,0.0,0.011332629984368379,BULL,68.11,"Below preferred risk/reward profile.; High market volatility.; Risk engine flagged this symbol as unsafe (grade: D, total_risk: 47/100). Plain weighted score exceeded the safety threshold (RiskManager.MAX_TOTAL_RISK=35). Raw components (0-100 each): atr=70 gap=75 overnight=10 news=10 liquidity=20 volatility=85 portfolio=60 sector=10 correlation=12 capital=75.; Risk engine flagged this symbol as unsafe (grade: D, total_risk: 47/100). Plain weighted score exceeded the safety threshold (RiskManager.MAX_TOTAL_RISK=35). Raw components (0-100 each): atr=70 gap=75 overnight=10 news=10 liquidity=20 volatility=85 portfolio=60 sector=10 correlation=12 capital=75."
trade_1789962549421,1789962549.421575,POLICYBZR.NS,BUY,CLOSE,1,1799.0,1753.3,CLOSED,-45.700000000000045,-2.5403001667593132,0.0,3.2907170650361333,BULL,50.33,"Below preferred risk/reward profile.; Risk engine flagged this symbol as unsafe (grade: C, total_risk: 38/100). Plain weighted score exceeded the safety threshold (RiskManager.MAX_TOTAL_RISK=35). Raw components (0-100 each): atr=70 gap=10 overnight=10 news=10 liquidity=20 volatility=30 portfolio=60 sector=10 correlation=12 capital=75.; Risk engine flagged this symbol as unsafe (grade: C, total_risk: 38/100). Plain weighted score exceeded the safety threshold (RiskManager.MAX_TOTAL_RISK=35). Raw components (0-100 each): atr=70 gap=10 overnight=10 news=10 liquidity=20 volatility=30 portfolio=60 sector=10 correlation=12 capital=75."
trade_1789962551063,1789962551.0638068,PCBL.NS,BUY,CLOSE,6,336.70001220703125,339.35,CLOSED,15.899926757812636,0.7870471330245569,0.7870471330245569,0.0,BULL,68.0,"Below preferred risk/reward profile.; Risk engine flagged this symbol as unsafe (grade: C, total_risk: 38/100). Plain weighted score exceeded the safety threshold (RiskManager.MAX_TOTAL_RISK=35). Raw components (0-100 each): atr=70 gap=10 overnight=10 news=10 liquidity=20 volatility=30 portfolio=60 sector=10 correlation=12 capital=75.; Risk engine flagged this symbol as unsafe (grade: C, total_risk: 38/100). Plain weighted score exceeded the safety threshold (RiskManager.MAX_TOTAL_RISK=35). Raw components (0-100 each): atr=70 gap=10 overnight=10 news=10 liquidity=20 volatility=30 portfolio=60 sector=10 correlation=12 capital=75."
trade_1789962552746,1789962552.7468834,JKPAPER.NS,BUY,CLOSE,26,417.0,430.0,CLOSED,338.0,3.117505995203837,3.117505995203837,0.0,BULL,75.95,"Below preferred risk/reward profile.; Risk engine flagged this symbol as unsafe (grade: C, total_risk: 36/100). Plain weighted score exceeded the safety threshold (RiskManager.MAX_TOTAL_RISK=35). Raw components (0-100 each): atr=70 gap=10 overnight=10 news=10 liquidity=20 volatility=30 portfolio=60 sector=10 correlation=12 capital=45.; Risk engine flagged this symbol as unsafe (grade: C, total_risk: 36/100). Plain weighted score exceeded the safety threshold (RiskManager.MAX_TOTAL_RISK=35). Raw components (0-100 each): atr=70 gap=10 overnight=10 news=10 liquidity=20 volatility=30 portfolio=60 sector=10 correlation=12 capital=45."
trade_1789962554394,1789962554.3949852,MARKSANS.NS,BUY,CLOSE,21,330.0,326.15,CLOSED,-80.85000000000048,-1.1666666666666734,0.0,4.742424242424235,BULL,75.4,"Below preferred risk/reward profile.; Risk engine flagged this symbol as unsafe (grade: C, total_risk: 36/100). Plain weighted score exceeded the safety threshold (RiskManager.MAX_TOTAL_RISK=35). Raw components (0-100 each): atr=70 gap=10 overnight=10 news=10 liquidity=20 volatility=30 portfolio=60 sector=10 correlation=12 capital=45.; Risk engine flagged this symbol as unsafe (grade: C, total_risk: 36/100). Plain weighted score exceeded the safety threshold (RiskManager.MAX_TOTAL_RISK=35). Raw components (0-100 each): atr=70 gap=10 overnight=10 news=10 liquidity=20 volatility=30 portfolio=60 sector=10 correlation=12 capital=45."
trade_1789962556034,1789962556.034219,SHYAMMETL.NS,BUY,CLOSE,8,1111.0,1103.8,CLOSED,-57.600000000000364,-0.6480648064806521,0.0,0.6480648064806521,BULL,74.31,"Below preferred risk/reward profile.; Risk engine flagged this symbol as unsafe (grade: C, total_risk: 36/100). Plain weighted score exceeded the safety threshold (RiskManager.MAX_TOTAL_RISK=35). Raw components (0-100 each): atr=45 gap=75 overnight=10 news=10 liquidity=20 volatility=30 portfolio=60 sector=10 correlation=12 capital=45.; Risk engine flagged this symbol as unsafe (grade: C, total_risk: 36/100). Plain weighted score exceeded the safety threshold (RiskManager.MAX_TOTAL_RISK=35). Raw components (0-100 each): atr=45 gap=75 overnight=10 news=10 liquidity=20 volatility=30 portfolio=60 sector=10 correlation=12 capital=45."
trade_1789962557713,1789962557.7137287,ZYDUSWELL.NS,BUY,CLOSE,5,547.25,522.6,CLOSED,-123.24999999999989,-4.5043398812243,1.1055276381909465,4.5043398812243,SIDEWAYS,43.85,"Below preferred risk/reward profile.; Risk engine flagged this symbol as unsafe (grade: C, total_risk: 38/100). Plain weighted score exceeded the safety threshold (RiskManager.MAX_TOTAL_RISK=35). Raw components (0-100 each): atr=70 gap=10 overnight=10 news=10 liquidity=20 volatility=30 portfolio=60 sector=10 correlation=12 capital=45.; Risk engine flagged this symbol as unsafe (grade: C, total_risk: 38/100). Plain weighted score exceeded the safety threshold (RiskManager.MAX_TOTAL_RISK=35). Raw components (0-100 each): atr=70 gap=10 overnight=10 news=10 liquidity=20 volatility=30 portfolio=60 sector=10 correlation=12 capital=45."
trade_1789962558524,1789962558.5248854,NRBBEARING.NS,BUY,CLOSE,18,531.0999755859375,528.15,CLOSED,-53.09956054687541,-0.555446379503775,0.0,0.555446379503775,BULL,75.71,"Below preferred risk/reward profile.; High market volatility.; Risk engine flagged this symbol as unsafe (grade: REJECT, total_risk: 100/100). ValidationEngine rejected this HELD position during monitoring (upstream of RiskManager, which then forces an all-100 REJECT with no per-factor breakdown): 'Average trading volume is too low.'. Raw components (0-100 each): atr=100 gap=100 overnight=100 news=100 liquidity=100 volatility=100 portfolio=100 sector=100 correlation=100 capital=100.; Risk engine flagged this symbol as unsafe (grade: REJECT, total_risk: 100/100). ValidationEngine rejected this HELD position during monitoring (upstream of RiskManager, which then forces an all-100 REJECT with no per-factor breakdown): 'Average trading volume is too low.'. Raw components (0-100 each): atr=100 gap=100 overnight=100 news=100 liquidity=100 volatility=100 portfolio=100 sector=100 correlation=100 capital=100."
trade_1789962559338,1789962559.3388815,STEELXIND.NS,BUY,CLOSE,833,11.539999961853027,11.6,CLOSED,49.98003177642793,0.5199310081915965,0.5199310081915965,0.0,BULL,61.51,"Below preferred risk/reward profile.; Risk engine flagged this symbol as unsafe (grade: D, total_risk: 42/100). Plain weighted score exceeded the safety threshold (RiskManager.MAX_TOTAL_RISK=35). Raw components (0-100 each): atr=70 gap=75 overnight=10 news=10 liquidity=20 volatility=30 portfolio=60 sector=10 correlation=12 capital=45.; Risk engine flagged this symbol as unsafe (grade: D, total_risk: 42/100). Plain weighted score exceeded the safety threshold (RiskManager.MAX_TOTAL_RISK=35). Raw components (0-100 each): atr=70 gap=75 overnight=10 news=10 liquidity=20 volatility=30 portfolio=60 sector=10 correlation=12 capital=45."
trade_1789962560088,1789962560.0880187,SALASAR.NS,SELL,CLOSE,288,4.869999885559082,4.87,CLOSED,-3.2958984405695446e-05,-2.34991623746606e-06,0.0,2.34991623746606e-06,BEAR,66.16,"Below preferred risk/reward profile.; Risk engine flagged this symbol as unsafe (grade: C, total_risk: 38/100). Plain weighted score exceeded the safety threshold (RiskManager.MAX_TOTAL_RISK=35). Raw components (0-100 each): atr=70 gap=10 overnight=10 news=10 liquidity=20 volatility=45 portfolio=60 sector=10 correlation=12 capital=25.; Risk engine flagged this symbol as unsafe (grade: C, total_risk: 38/100). Plain weighted score exceeded the safety threshold (RiskManager.MAX_TOTAL_RISK=35). Raw components (0-100 each): atr=70 gap=10 overnight=10 news=10 liquidity=20 volatility=45 portfolio=60 sector=10 correlation=12 capital=25."
trade_1789962562607,1789962562.6073406,SOUTHBANK.NS,BUY,CLOSE,84,45.83000183105469,45.24,CLOSED,-49.56015380859358,-1.287370297801072,0.0,1.287370297801072,SIDEWAYS,52.3,"Below preferred risk/reward profile.; Risk engine flagged this symbol as unsafe (grade: C, total_risk: 36/100). Plain weighted score exceeded the safety threshold (RiskManager.MAX_TOTAL_RISK=35). Raw components (0-100 each): atr=45 gap=75 overnight=10 news=10 liquidity=20 volatility=30 portfolio=60 sector=10 correlation=12 capital=25.; Risk engine flagged this symbol as unsafe (grade: C, total_risk: 36/100). Plain weighted score exceeded the safety threshold (RiskManager.MAX_TOTAL_RISK=35). Raw components (0-100 each): atr=45 gap=75 overnight=10 news=10 liquidity=20 volatility=30 portfolio=60 sector=10 correlation=12 capital=25."
trade_1789962567452,1789962567.4525204,WELCORP.NS,BUY,CLOSE,2,2758.0,2710.0,CLOSED,-96.0,-1.7403915881073242,0.0,1.7403915881073242,BULL,68.81,"Below preferred risk/reward profile.; High market volatility.; Risk engine flagged this symbol as unsafe (grade: D, total_risk: 43/100). Plain weighted score exceeded the safety threshold (RiskManager.MAX_TOTAL_RISK=35). Raw components (0-100 each): atr=70 gap=75 overnight=10 news=10 liquidity=20 volatility=78 portfolio=60 sector=10 correlation=12 capital=25.; Risk engine flagged this symbol as unsafe (grade: D, total_risk: 43/100). Plain weighted score exceeded the safety threshold (RiskManager.MAX_TOTAL_RISK=35). Raw components (0-100 each): atr=70 gap=75 overnight=10 news=10 liquidity=20 volatility=78 portfolio=60 sector=10 correlation=12 capital=25."
trade_1789962570261,1789962570.2619967,VISHWARAJ.NS,SELL,CLOSE,602,5.449999809265137,5.39,CLOSED,36.119885177612495,1.1009139699993356,1.1009139699993356,0.0,BEAR,62.82,"Below preferred risk/reward profile.; Risk engine flagged this symbol as unsafe (grade: D, total_risk: 44/100). Plain weighted score exceeded the safety threshold (RiskManager.MAX_TOTAL_RISK=35). Raw components (0-100 each): atr=70 gap=75 overnight=10 news=10 liquidity=20 volatility=23 portfolio=60 sector=10 correlation=12 capital=25.; Risk engine flagged this symbol as unsafe (grade: D, total_risk: 44/100). Plain weighted score exceeded the safety threshold (RiskManager.MAX_TOTAL_RISK=35). Raw components (0-100 each): atr=70 gap=75 overnight=10 news=10 liquidity=20 volatility=23 portfolio=60 sector=10 correlation=12 capital=25."
trade_1789962574416,1789962574.4165888,CYIENT.NS,BUY,CLOSE,1,1085.699951171875,1067.1,CLOSED,-18.59995117187509,-1.713176016246368,0.0,1.713176016246368,BULL,57.42,"Below preferred risk/reward profile.; Risk engine flagged this symbol as unsafe (grade: D, total_risk: 41/100). Plain weighted score exceeded the safety threshold (RiskManager.MAX_TOTAL_RISK=35). Raw components (0-100 each): atr=70 gap=75 overnight=10 news=10 liquidity=20 volatility=38 portfolio=60 sector=10 correlation=12 capital=25.; Risk engine flagged this symbol as unsafe (grade: D, total_risk: 41/100). Plain weighted score exceeded the safety threshold (RiskManager.MAX_TOTAL_RISK=35). Raw components (0-100 each): atr=70 gap=75 overnight=10 news=10 liquidity=20 volatility=38 portfolio=60 sector=10 correlation=12 capital=25."
trade_1789962575192,1789962575.1926794,PARAGMILK.NS,BUY,PARTIAL_CLOSE,8,252.0,279.0,OPEN,216.0,0.0,10.555555555555566,0.0,BULL,75.08,Break-even stop activated.; Partial profit target reached.; Excellent risk/reward profile.; Partial target achieved.; Profit protection activated.
trade_1789962583081,1789962583.081975,ATHERENERG.NS,BUY,CLOSE,1,1621.0,1600.7,CLOSED,-20.299999999999955,-1.2523133867982699,0.0,1.2523133867982699,BULL,52.32,"Below preferred risk/reward profile.; Risk engine flagged this symbol as unsafe (grade: C, total_risk: 39/100). Plain weighted score exceeded the safety threshold (RiskManager.MAX_TOTAL_RISK=35). Raw components (0-100 each): atr=70 gap=75 overnight=10 news=10 liquidity=20 volatility=30 portfolio=45 sector=10 correlation=12 capital=25.; Risk engine flagged this symbol as unsafe (grade: C, total_risk: 39/100). Plain weighted score exceeded the safety threshold (RiskManager.MAX_TOTAL_RISK=35). Raw components (0-100 each): atr=70 gap=75 overnight=10 news=10 liquidity=20 volatility=30 portfolio=45 sector=10 correlation=12 capital=25."
trade_1789962594122,1789962594.1227965,ARFIN.NS,BUY,CLOSE,47,90.44999694824219,89.14,CLOSED,-61.569856567382786,-1.448310660520863,0.0,1.448310660520863,BULL,55.67,Below preferred risk/reward profile.; Trend reversal detected.; Trend reversal confirmed.
trade_1789962600080,1789962600.0800571,PNGJL.NS,BUY,CLOSE,2,613.2000122070312,607.45,CLOSED,-11.500024414062409,-0.9377058207053427,0.29354007781086444,1.7449465091365108,SIDEWAYS,56.12,"Below preferred risk/reward profile.; Risk engine flagged this symbol as unsafe (grade: REJECT, total_risk: 100/100). ValidationEngine rejected this HELD position during monitoring (upstream of RiskManager, which then forces an all-100 REJECT with no per-factor breakdown): 'Average trading volume is too low.'. Raw components (0-100 each): atr=100 gap=100 overnight=100 news=100 liquidity=100 volatility=100 portfolio=100 sector=100 correlation=100 capital=100.; Risk engine flagged this symbol as unsafe (grade: REJECT, total_risk: 100/100). ValidationEngine rejected this HELD position during monitoring (upstream of RiskManager, which then forces an all-100 REJECT with no per-factor breakdown): 'Average trading volume is too low.'. Raw components (0-100 each): atr=100 gap=100 overnight=100 news=100 liquidity=100 volatility=100 portfolio=100 sector=100 correlation=100 capital=100."
trade_1789962603394,1789962603.3944056,NITCO.NS,SELL,CLOSE,46,87.0,86.71,CLOSED,13.340000000000288,0.33333333333334053,0.33333333333334053,0.0,BEAR,63.61,"Below preferred risk/reward profile.; Risk engine flagged this symbol as unsafe (grade: D, total_risk: 42/100). Plain weighted score exceeded the safety threshold (RiskManager.MAX_TOTAL_RISK=35). Raw components (0-100 each): atr=70 gap=75 overnight=10 news=10 liquidity=20 volatility=30 portfolio=45 sector=10 correlation=12 capital=25.; Risk engine flagged this symbol as unsafe (grade: D, total_risk: 42/100). Plain weighted score exceeded the safety threshold (RiskManager.MAX_TOTAL_RISK=35). Raw components (0-100 each): atr=70 gap=75 overnight=10 news=10 liquidity=20 volatility=30 portfolio=45 sector=10 correlation=12 capital=25."
trade_1789962609584,1789962609.5846982,SYRMA.NS,BUY,CLOSE,1,1721.0,1700.2,CLOSED,-20.799999999999955,-1.2085996513654824,0.0,1.2085996513654824,BULL,59.01,Below preferred risk/reward profile.; High market volatility.; High market volatility.
trade_1789962611986,1789962611.9864457,VAKRANGEE.NS,SELL,CLOSE,375,5.349999904632568,5.29,CLOSED,22.49996423721312,1.121493564525382,1.121493564525382,0.0,BEAR,58.67,"Below preferred risk/reward profile.; Risk engine flagged this symbol as unsafe (grade: D, total_risk: 42/100). Plain weighted score exceeded the safety threshold (RiskManager.MAX_TOTAL_RISK=35). Raw components (0-100 each): atr=70 gap=75 overnight=10 news=10 liquidity=20 volatility=30 portfolio=45 sector=10 correlation=12 capital=25.; Risk engine flagged this symbol as unsafe (grade: D, total_risk: 42/100). Plain weighted score exceeded the safety threshold (RiskManager.MAX_TOTAL_RISK=35). Raw components (0-100 each): atr=70 gap=75 overnight=10 news=10 liquidity=20 volatility=30 portfolio=45 sector=10 correlation=12 capital=25."
trade_1789962615675,1789962615.6756473,RANASUG.NS,BUY,CLOSE,450,14.850000381469727,14.42,CLOSED,-193.50017166137698,-2.895625390059208,0.0,2.895625390059208,BULL,47.72,"Below preferred risk/reward profile.; Risk engine flagged this symbol as unsafe (grade: C, total_risk: 39/100). Plain weighted score exceeded the safety threshold (RiskManager.MAX_TOTAL_RISK=35). Raw components (0-100 each): atr=70 gap=75 overnight=10 news=10 liquidity=20 volatility=30 portfolio=45 sector=10 correlation=12 capital=25.; Risk engine flagged this symbol as unsafe (grade: C, total_risk: 39/100). Plain weighted score exceeded the safety threshold (RiskManager.MAX_TOTAL_RISK=35). Raw components (0-100 each): atr=70 gap=75 overnight=10 news=10 liquidity=20 volatility=30 portfolio=45 sector=10 correlation=12 capital=25."
trade_1789962618868,1789962618.8683867,GLAND.NS,BUY,PARTIAL_CLOSE,2,2827.89990234375,3008.0,OPEN,360.2001953125,0.0,5.7958238734125835,0.0,BULL,73.1,Break-even stop activated.; Partial profit target reached.; Excellent risk/reward profile.; Partial target achieved.
trade_1789962622149,1789962622.1497357,MRPL.NS,BUY,CLOSE,40,175.5,165.69,CLOSED,-392.4000000000001,-5.589743589743591,0.0,6.319088319088322,SIDEWAYS,47.62,"Below preferred risk/reward profile.; Risk engine flagged this symbol as unsafe (grade: D, total_risk: 40/100). Plain weighted score exceeded the safety threshold (RiskManager.MAX_TOTAL_RISK=35). Raw components (0-100 each): atr=70 gap=75 overnight=10 news=10 liquidity=20 volatility=30 portfolio=45 sector=10 correlation=12 capital=25.; Risk engine flagged this symbol as unsafe (grade: D, total_risk: 40/100). Plain weighted score exceeded the safety threshold (RiskManager.MAX_TOTAL_RISK=35). Raw components (0-100 each): atr=70 gap=75 overnight=10 news=10 liquidity=20 volatility=30 portfolio=45 sector=10 correlation=12 capital=25."
trade_1789962624724,1789962624.7243009,SAMBHV.NS,BUY,CLOSE,47,128.11000061035156,157.66,CLOSED,1388.8499713134763,23.066114471051474,23.066114471051474,0.0,BULL,68.84,"Break-even stop activated.; Partial profit target reached.; Final profit target reached.; Healthy risk/reward profile.; High market volatility.; Risk engine flagged this symbol as unsafe (grade: C, total_risk: 40/100). Plain weighted score exceeded the safety threshold (RiskManager.MAX_TOTAL_RISK=35). Raw components (0-100 each): atr=70 gap=75 overnight=10 news=10 liquidity=20 volatility=78 portfolio=45 sector=10 correlation=12 capital=10.; Risk engine flagged this symbol as unsafe (grade: C, total_risk: 40/100). Plain weighted score exceeded the safety threshold (RiskManager.MAX_TOTAL_RISK=35). Raw components (0-100 each): atr=70 gap=75 overnight=10 news=10 liquidity=20 volatility=78 portfolio=45 sector=10 correlation=12 capital=10.; Profit protection activated."
paper_NRBBEARING_NS_1790048808959,1790048808.9607534,NRBBEARING.NS,BUY,OPEN,15,525.7999877929688,,OPEN,,,,,N/A,0.0,"Morning Executor: gap +0.06% (0.01x ATR, NORMAL band); No NEW company-specific overnight news since last night's scan. | 20 macro headline(s), bias 0.06 — not a blocker."
paper_SAMBHV_NS_1790048810792,1790048810.7939408,SAMBHV.NS,BUY,OPEN,48,155.89999389648438,,OPEN,,,,,N/A,0.0,"Morning Executor: gap +5.64% (1.36x ATR, WARNING band); No company-specific news available. | 20 macro headline(s), bias 0.06 — not a blocker."
paper_STEELXIND_NS_1790048812540,1790048812.541629,STEELXIND.NS,BUY,OPEN,640,11.220000267028809,,OPEN,,,,,N/A,0.0,"Morning Executor: gap -4.43% (0.88x ATR, NORMAL band); No NEW company-specific overnight news since last night's scan. | 20 macro headline(s), bias 0.06 — not a blocker."
paper_NORTHARC_NS_1790048814241,1790048814.243432,NORTHARC.NS,BUY,OPEN,21,319.0,,OPEN,,,,,N/A,0.0,"Morning Executor: gap +1.72% (0.47x ATR, NORMAL band); No NEW company-specific overnight news since last night's scan. | 20 macro headline(s), bias 0.06 — not a blocker."
paper_FIVESTAR_NS_1790048816409,1790048816.4109397,FIVESTAR.NS,BUY,OPEN,12,525.0,,OPEN,,,,,N/A,0.0,"Morning Executor: gap -2.50% (0.76x ATR, NORMAL band); No NEW company-specific overnight news since last night's scan. | 20 macro headline(s), bias 0.06 — not a blocker."
paper_EDELWEISS_NS_1790048818252,1790048818.254087,EDELWEISS.NS,BUY,OPEN,43,140.60000610351562,,OPEN,,,,,N/A,0.0,"Morning Executor: gap +3.19% (0.75x ATR, NORMAL band); No NEW company-specific overnight news since last night's scan. | 20 macro headline(s), bias 0.06 — not a blocker."
paper_WELCORP_NS_1790048820009,1790048820.01022,WELCORP.NS,BUY,OPEN,2,2762.699951171875,,OPEN,,,,,N/A,0.0,"Morning Executor: gap +3.86% (0.81x ATR, NORMAL band); No NEW company-specific overnight news since last night's scan. | 20 macro headline(s), bias 0.06 — not a blocker."
paper_BLACKBUCK_NS_1790048822039,1790048822.0408168,BLACKBUCK.NS,BUY,OPEN,8,635.0,,OPEN,,,,,N/A,0.0,"Morning Executor: gap +0.41% (0.12x ATR, NORMAL band); No NEW company-specific overnight news since last night's scan. | 20 macro headline(s), bias 0.06 — not a blocker."
paper_SHYAMMETL_NS_1790048823853,1790048823.8655608,SHYAMMETL.NS,BUY,OPEN,4,1105.199951171875,,OPEN,,,,,N/A,0.0,"Morning Executor: gap +0.47% (0.17x ATR, NORMAL band); No NEW company-specific overnight news since last night's scan. | 20 macro headline(s), bias 0.06 — not a blocker."
paper_MCX_NS_1790048825664,1790048825.665951,MCX.NS,BUY,OPEN,1,3220.0,,OPEN,,,,,N/A,0.0,"Morning Executor: gap -1.23% (0.39x ATR, NORMAL band); No NEW company-specific overnight news since last night's scan. | 20 macro headline(s), bias 0.06 — not a blocker."
paper_BEPL_NS_1790048827716,1790048827.720257,BEPL.NS,BUY,OPEN,38,129.35000610351562,,OPEN,,,,,N/A,0.0,"Morning Executor: gap +0.31% (0.08x ATR, NORMAL band); No company-specific news available. | 20 macro headline(s), bias 0.06 — not a blocker."
paper_JKPAPER_NS_1790048829499,1790048829.5229115,JKPAPER.NS,BUY,OPEN,11,423.45001220703125,,OPEN,,,,,N/A,0.0,"Morning Executor: gap -1.66% (0.48x ATR, NORMAL band); No NEW company-specific overnight news since last night's scan. | 20 macro headline(s), bias 0.06 — not a blocker."
paper_CGCL_NS_1790048831820,1790048831.8249676,CGCL.NS,BUY,OPEN,16,269.5,,OPEN,,,,,N/A,0.0,"Morning Executor: gap -0.42% (0.11x ATR, NORMAL band); No NEW company-specific overnight news since last night's scan. | 20 macro headline(s), bias 0.06 — not a blocker."
paper_ICIL_NS_1790048833566,1790048833.5681863,ICIL.NS,BUY,OPEN,9,436.25,,OPEN,,,,,N/A,0.0,"Morning Executor: gap -2.48% (0.52x ATR, NORMAL band); No NEW company-specific overnight news since last night's scan. | 20 macro headline(s), bias 0.06 — not a blocker."
paper_IRISDOREME_NS_1790048835306,1790048835.3081164,IRISDOREME.NS,BUY,OPEN,62,64.80999755859375,,OPEN,,,,,N/A,0.0,"Morning Executor: gap +0.36% (0.08x ATR, NORMAL band); No NEW company-specific overnight news since last night's scan. | 20 macro headline(s), bias 0.06 — not a blocker."
paper_ONEPOINT_NS_1790048837136,1790048837.156784,ONEPOINT.NS,BUY,OPEN,64,60.29999923706055,,OPEN,,,,,N/A,0.0,"Morning Executor: gap +1.11% (0.27x ATR, NORMAL band); No company-specific news available. | 20 macro headline(s), bias 0.06 — not a blocker."
paper_DEVYANI_NS_1790048839113,1790048839.1143377,DEVYANI.NS,BUY,OPEN,25,143.88999938964844,,OPEN,,,,,N/A,0.0,"Morning Executor: gap +2.33% (0.76x ATR, NORMAL band); No NEW company-specific overnight news since last night's scan. | 20 macro headline(s), bias 0.06 — not a blocker."
paper_SOUTHBANK_NS_1790048841102,1790048841.1039913,SOUTHBANK.NS,BUY,OPEN,76,45.88999938964844,,OPEN,,,,,N/A,0.0,"Morning Executor: gap -0.39% (0.16x ATR, NORMAL band); No NEW company-specific overnight news since last night's scan. | 20 macro headline(s), bias 0.06 — not a blocker."
paper_ARFIN_NS_1790048842883,1790048842.8849795,ARFIN.NS,BUY,OPEN,36,91.0,,OPEN,,,,,N/A,0.0,"Morning Executor: gap +1.54% (0.34x ATR, NORMAL band); No company-specific news available. | 20 macro headline(s), bias 0.06 — not a blocker."
paper_PFOCUS_NS_1790048844702,1790048844.703316,PFOCUS.NS,BUY,OPEN,8,352.6000061035156,,OPEN,,,,,N/A,0.0,"Morning Executor: gap +2.40% (0.61x ATR, NORMAL band); No company-specific news available. | 20 macro headline(s), bias 0.06 — not a blocker."
paper_SYRMA_NS_1790048846347,1790048846.349949,SYRMA.NS,BUY,OPEN,1,1720.0,,OPEN,,,,,N/A,0.0,"Morning Executor: gap -0.51% (0.12x ATR, NORMAL band); No NEW company-specific overnight news since last night's scan. | 20 macro headline(s), bias 0.06 — not a blocker."
paper_SOLARA_NS_1790048848176,1790048848.1776483,SOLARA.NS,BUY,OPEN,3,753.4000244140625,,OPEN,,,,,N/A,0.0,"Morning Executor: gap +1.53% (0.32x ATR, NORMAL band); No NEW company-specific overnight news since last night's scan. | 20 macro headline(s), bias 0.06 — not a blocker."
paper_PCBL_NS_1790048850127,1790048850.206385,PCBL.NS,BUY,OPEN,8,346.20001220703125,,OPEN,,,,,N/A,0.0,"Morning Executor: gap +2.82% (0.87x ATR, NORMAL band); No NEW company-specific overnight news since last night's scan. | 20 macro headline(s), bias 0.06 — not a blocker."
paper_CONCOR_NS_1790048852273,1790048852.2751832,CONCOR.NS,BUY,OPEN,5,489.5,,OPEN,,,,,N/A,0.0,"Morning Executor: gap -2.98% (1.28x ATR, WARNING band); No NEW company-specific overnight news since last night's scan. | 20 macro headline(s), bias 0.06 — not a blocker."
paper_DIACABS_NS_1790048853945,1790048853.9462888,DIACABS.NS,BUY,OPEN,6,378.79998779296875,,OPEN,,,,,N/A,0.0,"Morning Executor: gap +3.27% (0.67x ATR, NORMAL band); No company-specific news available. | 20 macro headline(s), bias 0.06 — not a blocker."
paper_ATHERENERG_NS_1790048855603,1790048855.6041746,ATHERENERG.NS,BUY,OPEN,1,1614.0,,OPEN,,,,,N/A,0.0,"Morning Executor: gap -1.59% (0.41x ATR, NORMAL band); No NEW company-specific overnight news since last night's scan. | 20 macro headline(s), bias 0.06 — not a blocker."
paper_RAMRAT_NS_1790048857455,1790048857.456511,RAMRAT.NS,BUY,OPEN,4,550.0999755859375,,OPEN,,,,,N/A,0.0,"Morning Executor: gap -0.84% (0.18x ATR, NORMAL band); No company-specific news available. | 20 macro headline(s), bias 0.06 — not a blocker."
paper_LXCHEM_NS_1790048859322,1790048859.323607,LXCHEM.NS,BUY,OPEN,12,178.5,,OPEN,,,,,N/A,0.0,"Morning Executor: gap +0.15% (0.04x ATR, NORMAL band); No company-specific news available. | 20 macro headline(s), bias 0.06 — not a blocker."
paper_PARADEEP_NS_1790048861196,1790048861.1976318,PARADEEP.NS,BUY,OPEN,13,155.60000610351562,,OPEN,,,,,N/A,0.0,"Morning Executor: gap -0.01% (0.00x ATR, NORMAL band); No NEW company-specific overnight news since last night's scan. | 20 macro headline(s), bias 0.06 — not a blocker."
paper_MUFIN_NS_1790048862732,1790048862.733396,MUFIN.NS,BUY,OPEN,15,132.83999633789062,,OPEN,,,,,N/A,0.0,"Morning Executor: gap -0.46% (0.17x ATR, NORMAL band); No company-specific news available. | 20 macro headline(s), bias 0.06 — not a blocker."
trade_1790048925730,1790048925.7305856,MCX.NS,BUY,CLOSE,1,3220.0,3237.0,CLOSED,17.0,0.5279503105590062,0.5279503105590062,0.0,BULL,60.62,"Below preferred risk/reward profile.; Risk engine flagged this symbol as unsafe (grade: D, total_risk: 42/100). Plain weighted score exceeded the safety threshold (RiskManager.MAX_TOTAL_RISK=35). Raw components (0-100 each): atr=70 gap=75 overnight=10 news=10 liquidity=20 volatility=30 portfolio=45 sector=10 correlation=13 capital=75.; Risk engine flagged this symbol as unsafe (grade: D, total_risk: 42/100). Plain weighted score exceeded the safety threshold (RiskManager.MAX_TOTAL_RISK=35). Raw components (0-100 each): atr=70 gap=75 overnight=10 news=10 liquidity=20 volatility=30 portfolio=45 sector=10 correlation=13 capital=75."
trade_1790048926683,1790048926.6832843,INDHOTEL.NS,BUY,CLOSE,9,748.0499877929688,744.4,CLOSED,-32.849890136718955,-0.4879336745579826,0.0,0.4879336745579826,BULL,61.04,"Below preferred risk/reward profile.; Risk engine flagged this symbol as unsafe (grade: C, total_risk: 36/100). Plain weighted score exceeded the safety threshold (RiskManager.MAX_TOTAL_RISK=35). Raw components (0-100 each): atr=25 gap=75 overnight=10 news=10 liquidity=20 volatility=30 portfolio=75 sector=10 correlation=13 capital=75.; Risk engine flagged this symbol as unsafe (grade: C, total_risk: 36/100). Plain weighted score exceeded the safety threshold (RiskManager.MAX_TOTAL_RISK=35). Raw components (0-100 each): atr=25 gap=75 overnight=10 news=10 liquidity=20 volatility=30 portfolio=75 sector=10 correlation=13 capital=75."
trade_1790048927568,1790048927.5688887,ELLEN.NS,BUY,CLOSE,12,375.0,377.0,CLOSED,24.0,0.5333333333333333,0.5333333333333333,1.119999999999997,BULL,73.0,"Below preferred risk/reward profile.; Risk engine flagged this symbol as unsafe (grade: C, total_risk: 36/100). Plain weighted score exceeded the safety threshold (RiskManager.MAX_TOTAL_RISK=35). Raw components (0-100 each): atr=70 gap=10 overnight=10 news=10 liquidity=20 volatility=38 portfolio=60 sector=10 correlation=13 capital=45.; Risk engine flagged this symbol as unsafe (grade: C, total_risk: 36/100). Plain weighted score exceeded the safety threshold (RiskManager.MAX_TOTAL_RISK=35). Raw components (0-100 each): atr=70 gap=10 overnight=10 news=10 liquidity=20 volatility=38 portfolio=60 sector=10 correlation=13 capital=45."
trade_1790048930369,1790048930.3696108,JTLIND.NS,BUY,CLOSE,31,87.30000305175781,89.94,CLOSED,81.83990539550774,3.0240513813922805,3.0240513813922805,0.0,BULL,70.77,"Below preferred risk/reward profile.; Risk engine flagged this symbol as unsafe (grade: D, total_risk: 42/100). Plain weighted score exceeded the safety threshold (RiskManager.MAX_TOTAL_RISK=35). Raw components (0-100 each): atr=70 gap=75 overnight=10 news=10 liquidity=20 volatility=30 portfolio=60 sector=10 correlation=13 capital=45.; Risk engine flagged this symbol as unsafe (grade: D, total_risk: 42/100). Plain weighted score exceeded the safety threshold (RiskManager.MAX_TOTAL_RISK=35). Raw components (0-100 each): atr=70 gap=75 overnight=10 news=10 liquidity=20 volatility=30 portfolio=60 sector=10 correlation=13 capital=45."
trade_1790048931257,1790048931.2570777,PARADEEP.NS,BUY,CLOSE,13,155.60000610351562,156.25,CLOSED,8.449920654296875,0.41773385024930865,0.41773385024930865,0.0,BULL,66.46,"Below preferred risk/reward profile.; Risk engine flagged this symbol as unsafe (grade: C, total_risk: 36/100). Plain weighted score exceeded the safety threshold (RiskManager.MAX_TOTAL_RISK=35). Raw components (0-100 each): atr=70 gap=10 overnight=10 news=10 liquidity=20 volatility=30 portfolio=60 sector=10 correlation=13 capital=45.; Risk engine flagged this symbol as unsafe (grade: C, total_risk: 36/100). Plain weighted score exceeded the safety threshold (RiskManager.MAX_TOTAL_RISK=35). Raw components (0-100 each): atr=70 gap=10 overnight=10 news=10 liquidity=20 volatility=30 portfolio=60 sector=10 correlation=13 capital=45."
trade_1790048932109,1790048932.1099796,BEPL.NS,BUY,CLOSE,38,129.35000610351562,130.6,CLOSED,47.499768066406034,0.9663655488999591,0.9663655488999591,0.0,BULL,78.03,"Below preferred risk/reward profile.; Risk engine flagged this symbol as unsafe (grade: C, total_risk: 36/100). Plain weighted score exceeded the safety threshold (RiskManager.MAX_TOTAL_RISK=35). Raw components (0-100 each): atr=70 gap=10 overnight=10 news=10 liquidity=20 volatility=30 portfolio=60 sector=10 correlation=13 capital=45.; Risk engine flagged this symbol as unsafe (grade: C, total_risk: 36/100). Plain weighted score exceeded the safety threshold (RiskManager.MAX_TOTAL_RISK=35). Raw components (0-100 each): atr=70 gap=10 overnight=10 news=10 liquidity=20 volatility=30 portfolio=60 sector=10 correlation=13 capital=45."
trade_1790048933115,1790048933.1158912,VSSL.NS,BUY,CLOSE,11,395.0,414.0,CLOSED,209.0,4.810126582278481,5.392405063291142,0.8987341772151927,BULL,68.51,"Below preferred risk/reward profile.; Risk engine flagged this symbol as unsafe (grade: D, total_risk: 42/100). Plain weighted score exceeded the safety threshold (RiskManager.MAX_TOTAL_RISK=35). Raw components (0-100 each): atr=70 gap=75 overnight=10 news=10 liquidity=20 volatility=38 portfolio=60 sector=10 correlation=13 capital=45.; Risk engine flagged this symbol as unsafe (grade: D, total_risk: 42/100). Plain weighted score exceeded the safety threshold (RiskManager.MAX_TOTAL_RISK=35). Raw components (0-100 each): atr=70 gap=75 overnight=10 news=10 liquidity=20 volatility=38 portfolio=60 sector=10 correlation=13 capital=45."
trade_1790048934890,1790048934.890371,SKIPPER.NS,BUY,CLOSE,3,563.0,566.2,CLOSED,9.600000000000136,0.5683836589698127,0.5683836589698127,0.17761989342806395,BULL,65.91,"Below preferred risk/reward profile.; Risk engine flagged this symbol as unsafe (grade: C, total_risk: 36/100). Plain weighted score exceeded the safety threshold (RiskManager.MAX_TOTAL_RISK=35). Raw components (0-100 each): atr=70 gap=10 overnight=10 news=10 liquidity=20 volatility=30 portfolio=60 sector=10 correlation=13 capital=45.; Risk engine flagged this symbol as unsafe (grade: C, total_risk: 36/100). Plain weighted score exceeded the safety threshold (RiskManager.MAX_TOTAL_RISK=35). Raw components (0-100 each): atr=70 gap=10 overnight=10 news=10 liquidity=20 volatility=30 portfolio=60 sector=10 correlation=13 capital=45."
trade_1790048935868,1790048935.8684444,JKPAPER.NS,BUY,CLOSE,11,423.45001220703125,423.0,CLOSED,-4.95013427734375,-0.10627280530369476,0.0,0.10627280530369476,BULL,68.62,"Below preferred risk/reward profile.; Risk engine flagged this symbol as unsafe (grade: D, total_risk: 42/100). Plain weighted score exceeded the safety threshold (RiskManager.MAX_TOTAL_RISK=35). Raw components (0-100 each): atr=70 gap=75 overnight=10 news=10 liquidity=20 volatility=30 portfolio=60 sector=10 correlation=13 capital=45.; Risk engine flagged this symbol as unsafe (grade: D, total_risk: 42/100). Plain weighted score exceeded the safety threshold (RiskManager.MAX_TOTAL_RISK=35). Raw components (0-100 each): atr=70 gap=75 overnight=10 news=10 liquidity=20 volatility=30 portfolio=60 sector=10 correlation=13 capital=45."
trade_1790048937887,1790048937.887295,CONCOR.NS,BUY,CLOSE,5,489.5,487.45,CLOSED,-10.250000000000057,-0.41879468845761214,0.0,0.41879468845761214,SIDEWAYS,47.86,"Below preferred risk/reward profile.; Risk engine flagged this symbol as unsafe (grade: C, total_risk: 37/100). Plain weighted score exceeded the safety threshold (RiskManager.MAX_TOTAL_RISK=35). Raw components (0-100 each): atr=45 gap=75 overnight=10 news=10 liquidity=20 volatility=30 portfolio=60 sector=10 correlation=13 capital=45.; Trend reversal detected.; Risk engine flagged this symbol as unsafe (grade: C, total_risk: 37/100). Plain weighted score exceeded the safety threshold (RiskManager.MAX_TOTAL_RISK=35). Raw components (0-100 each): atr=45 gap=75 overnight=10 news=10 liquidity=20 volatility=30 portfolio=60 sector=10 correlation=13 capital=45."
trade_1790048939170,1790048939.1700354,USHAMART.NS,BUY,CLOSE,18,510.0,538.55,CLOSED,513.8999999999992,5.598039215686266,5.598039215686266,0.0,BULL,70.85,"Break-even stop activated.; Partial profit target reached.; Excellent risk/reward profile.; Risk engine flagged this symbol as unsafe (grade: C, total_risk: 36/100). Plain weighted score exceeded the safety threshold (RiskManager.MAX_TOTAL_RISK=35). Raw components (0-100 each): atr=45 gap=75 overnight=10 news=10 liquidity=20 volatility=30 portfolio=60 sector=10 correlation=13 capital=45.; Risk engine flagged this symbol as unsafe (grade: C, total_risk: 36/100). Plain weighted score exceeded the safety threshold (RiskManager.MAX_TOTAL_RISK=35). Raw components (0-100 each): atr=45 gap=75 overnight=10 news=10 liquidity=20 volatility=30 portfolio=60 sector=10 correlation=13 capital=45."
trade_1790048940119,1790048940.1190603,CUB.NS,BUY,CLOSE,35,231.60000610351562,233.25,CLOSED,57.749786376953125,0.7124325790159505,1.7746087168267972,0.0,BULL,74.84,"Below preferred risk/reward profile.; Risk engine flagged this symbol as unsafe (grade: C, total_risk: 36/100). Plain weighted score exceeded the safety threshold (RiskManager.MAX_TOTAL_RISK=35). Raw components (0-100 each): atr=70 gap=10 overnight=10 news=10 liquidity=20 volatility=30 portfolio=60 sector=10 correlation=13 capital=45.; Risk engine flagged this symbol as unsafe (grade: C, total_risk: 36/100). Plain weighted score exceeded the safety threshold (RiskManager.MAX_TOTAL_RISK=35). Raw components (0-100 each): atr=70 gap=10 overnight=10 news=10 liquidity=20 volatility=30 portfolio=60 sector=10 correlation=13 capital=45."
trade_1790048941059,1790048941.0594978,TCS.NS,SELL,CLOSE,2,2090.0,2117.3,CLOSED,-54.600000000000364,-1.3062200956937886,0.0,1.3062200956937886,BEAR,53.05,"Below preferred risk/reward profile.; Risk engine flagged this symbol as unsafe (grade: C, total_risk: 39/100). Plain weighted score exceeded the safety threshold (RiskManager.MAX_TOTAL_RISK=35). Raw components (0-100 each): atr=45 gap=75 overnight=10 news=10 liquidity=20 volatility=30 portfolio=60 sector=10 correlation=13 capital=45.; Risk engine flagged this symbol as unsafe (grade: C, total_risk: 39/100). Plain weighted score exceeded the safety threshold (RiskManager.MAX_TOTAL_RISK=35). Raw components (0-100 each): atr=45 gap=75 overnight=10 news=10 liquidity=20 volatility=30 portfolio=60 sector=10 correlation=13 capital=45."
trade_1790048941951,1790048941.951829,GESHIP.NS,BUY,CLOSE,4,1437.800048828125,1494.8,CLOSED,227.99980468749982,3.9643865096772397,3.9643865096772397,0.0,BULL,71.16,"Break-even stop activated.; Excellent risk/reward profile.; Risk engine flagged this symbol as unsafe (grade: C, total_risk: 36/100). Plain weighted score exceeded the safety threshold (RiskManager.MAX_TOTAL_RISK=35). Raw components (0-100 each): atr=45 gap=75 overnight=10 news=10 liquidity=20 volatility=30 portfolio=60 sector=10 correlation=13 capital=45.; Risk engine flagged this symbol as unsafe (grade: C, total_risk: 36/100). Plain weighted score exceeded the safety threshold (RiskManager.MAX_TOTAL_RISK=35). Raw components (0-100 each): atr=45 gap=75 overnight=10 news=10 liquidity=20 volatility=30 portfolio=60 sector=10 correlation=13 capital=45."
trade_1790048943799,1790048943.7994037,NORTHARC.NS,BUY,CLOSE,21,319.0,320.0,CLOSED,21.0,0.3134796238244514,0.3134796238244514,0.0,BULL,72.29,"Below preferred risk/reward profile.; Risk engine flagged this symbol as unsafe (grade: D, total_risk: 41/100). Plain weighted score exceeded the safety threshold (RiskManager.MAX_TOTAL_RISK=35). Raw components (0-100 each): atr=70 gap=75 overnight=10 news=10 liquidity=20 volatility=30 portfolio=60 sector=10 correlation=13 capital=25.; Risk engine flagged this symbol as unsafe (grade: D, total_risk: 41/100). Plain weighted score exceeded the safety threshold (RiskManager.MAX_TOTAL_RISK=35). Raw components (0-100 each): atr=70 gap=75 overnight=10 news=10 liquidity=20 volatility=30 portfolio=60 sector=10 correlation=13 capital=25."
trade_1790048946572,1790048946.572477,EMIL.NS,BUY,CLOSE,34,197.27999877929688,191.7,CLOSED,-189.71995849609414,-2.8284665520194983,0.0,2.8284665520194983,BULL,63.76,"Below preferred risk/reward profile.; Risk engine flagged this symbol as unsafe (grade: D, total_risk: 41/100). Plain weighted score exceeded the safety threshold (RiskManager.MAX_TOTAL_RISK=35). Raw components (0-100 each): atr=70 gap=75 overnight=10 news=10 liquidity=20 volatility=30 portfolio=60 sector=10 correlation=13 capital=25.; Risk engine flagged this symbol as unsafe (grade: D, total_risk: 41/100). Plain weighted score exceeded the safety threshold (RiskManager.MAX_TOTAL_RISK=35). Raw components (0-100 each): atr=70 gap=75 overnight=10 news=10 liquidity=20 volatility=30 portfolio=60 sector=10 correlation=13 capital=25."
trade_1790048948419,1790048948.419081,GRAPHITE.NS,BUY,CLOSE,11,815.0,821.75,CLOSED,74.25,0.8282208588957056,1.7239263803680924,0.0,BULL,70.51,"Below preferred risk/reward profile.; Risk engine flagged this symbol as unsafe (grade: D, total_risk: 41/100). Plain weighted score exceeded the safety threshold (RiskManager.MAX_TOTAL_RISK=35). Raw components (0-100 each): atr=70 gap=75 overnight=10 news=10 liquidity=20 volatility=38 portfolio=60 sector=10 correlation=13 capital=25.; Risk engine flagged this symbol as unsafe (grade: D, total_risk: 41/100). Plain weighted score exceeded the safety threshold (RiskManager.MAX_TOTAL_RISK=35). Raw components (0-100 each): atr=70 gap=75 overnight=10 news=10 liquidity=20 volatility=38 portfolio=60 sector=10 correlation=13 capital=25."
trade_1790048949511,1790048949.5114493,PVRINOX.NS,BUY,CLOSE,4,1277.5,1337.9,CLOSED,241.60000000000036,4.727984344422707,4.8062622309197724,0.0,BULL,71.54,"Healthy risk/reward profile.; Risk engine flagged this symbol as unsafe (grade: C, total_risk: 39/100). Plain weighted score exceeded the safety threshold (RiskManager.MAX_TOTAL_RISK=35). Raw components (0-100 each): atr=70 gap=75 overnight=10 news=10 liquidity=20 volatility=30 portfolio=45 sector=10 correlation=13 capital=25.; Risk engine flagged this symbol as unsafe (grade: C, total_risk: 39/100). Plain weighted score exceeded the safety threshold (RiskManager.MAX_TOTAL_RISK=35). Raw components (0-100 each): atr=70 gap=75 overnight=10 news=10 liquidity=20 volatility=30 portfolio=45 sector=10 correlation=13 capital=25."
trade_1790048951825,1790048951.8255217,WABAG.NS,BUY,CLOSE,1,2195.0,2106.9,CLOSED,-88.09999999999991,-4.013667425968105,2.195899772209559,6.446469248291571,BULL,55.72,"Below preferred risk/reward profile.; Risk engine flagged this symbol as unsafe (grade: C, total_risk: 39/100). Plain weighted score exceeded the safety threshold (RiskManager.MAX_TOTAL_RISK=35). Raw components (0-100 each): atr=70 gap=75 overnight=10 news=10 liquidity=20 volatility=30 portfolio=45 sector=10 correlation=13 capital=25.; Risk engine flagged this symbol as unsafe (grade: C, total_risk: 39/100). Plain weighted score exceeded the safety threshold (RiskManager.MAX_TOTAL_RISK=35). Raw components (0-100 each): atr=70 gap=75 overnight=10 news=10 liquidity=20 volatility=30 portfolio=45 sector=10 correlation=13 capital=25."
trade_1790048954096,1790048954.0968919,SOLARA.NS,BUY,CLOSE,3,753.4000244140625,749.55,CLOSED,-11.550073242187636,-0.5110199481419984,0.0,0.5110199481419984,BULL,70.53,"Below preferred risk/reward profile.; Risk engine flagged this symbol as unsafe (grade: C, total_risk: 39/100). Plain weighted score exceeded the safety threshold (RiskManager.MAX_TOTAL_RISK=35). Raw components (0-100 each): atr=70 gap=75 overnight=10 news=10 liquidity=20 volatility=38 portfolio=45 sector=10 correlation=13 capital=25.; Risk engine flagged this symbol as unsafe (grade: C, total_risk: 39/100). Plain weighted score exceeded the safety threshold (RiskManager.MAX_TOTAL_RISK=35). Raw components (0-100 each): atr=70 gap=75 overnight=10 news=10 liquidity=20 volatility=38 portfolio=45 sector=10 correlation=13 capital=25."
trade_1790048955086,1790048955.0863001,PCBL.NS,BUY,CLOSE,8,346.20001220703125,346.95,CLOSED,5.999902343749909,0.21663424798501682,0.21663424798501682,0.0,BULL,60.87,"Below preferred risk/reward profile.; Risk engine flagged this symbol as unsafe (grade: C, total_risk: 39/100). Plain weighted score exceeded the safety threshold (RiskManager.MAX_TOTAL_RISK=35). Raw components (0-100 each): atr=70 gap=75 overnight=10 news=10 liquidity=20 volatility=30 portfolio=45 sector=10 correlation=13 capital=25.; Risk engine flagged this symbol as unsafe (grade: C, total_risk: 39/100). Plain weighted score exceeded the safety threshold (RiskManager.MAX_TOTAL_RISK=35). Raw components (0-100 each): atr=70 gap=75 overnight=10 news=10 liquidity=20 volatility=30 portfolio=45 sector=10 correlation=13 capital=25."
trade_1790048956923,1790048956.9236844,STEELXIND.NS,BUY,CLOSE,640,11.220000267028809,11.4,CLOSED,115.19982910156273,1.6042756567496756,1.6042756567496756,0.0,BULL,60.68,"Below preferred risk/reward profile.; Risk engine flagged this symbol as unsafe (grade: D, total_risk: 45/100). Plain weighted score exceeded the safety threshold (RiskManager.MAX_TOTAL_RISK=35). Raw components (0-100 each): atr=95 gap=75 overnight=10 news=10 liquidity=20 volatility=30 portfolio=45 sector=10 correlation=13 capital=25.; Risk engine flagged this symbol as unsafe (grade: D, total_risk: 45/100). Plain weighted score exceeded the safety threshold (RiskManager.MAX_TOTAL_RISK=35). Raw components (0-100 each): atr=95 gap=75 overnight=10 news=10 liquidity=20 volatility=30 portfolio=45 sector=10 correlation=13 capital=25."
trade_1790048961123,1790048961.1237905,GANDHAR.NS,BUY,CLOSE,7,276.20001220703125,270.35,CLOSED,-40.95008544921859,-2.118034738769756,0.0,2.118034738769756,BULL,62.71,"Below preferred risk/reward profile.; Risk engine flagged this symbol as unsafe (grade: C, total_risk: 39/100). Plain weighted score exceeded the safety threshold (RiskManager.MAX_TOTAL_RISK=35). Raw components (0-100 each): atr=70 gap=75 overnight=10 news=10 liquidity=20 volatility=30 portfolio=45 sector=10 correlation=13 capital=25.; Risk engine flagged this symbol as unsafe (grade: C, total_risk: 39/100). Plain weighted score exceeded the safety threshold (RiskManager.MAX_TOTAL_RISK=35). Raw components (0-100 each): atr=70 gap=75 overnight=10 news=10 liquidity=20 volatility=30 portfolio=45 sector=10 correlation=13 capital=25."
trade_1790048963085,1790048963.0856848,SYRMA.NS,BUY,CLOSE,1,1720.0,1745.4,CLOSED,25.40000000000009,1.476744186046517,1.476744186046517,0.0,BULL,55.83,Below preferred risk/reward profile.; High market volatility.; High market volatility.
trade_1790048963941,1790048963.941996,ARFIN.NS,BUY,CLOSE,36,91.0,90.39,CLOSED,-21.95999999999998,-0.6703296703296697,0.0,0.6703296703296697,BULL,59.03,"Below preferred risk/reward profile.; Risk engine flagged this symbol as unsafe (grade: C, total_risk: 38/100). Plain weighted score exceeded the safety threshold (RiskManager.MAX_TOTAL_RISK=35). Raw components (0-100 each): atr=70 gap=75 overnight=10 news=10 liquidity=20 volatility=30 portfolio=45 sector=10 correlation=13 capital=10.; Trend reversal detected.; Risk engine flagged this symbol as unsafe (grade: C, total_risk: 38/100). Plain weighted score exceeded the safety threshold (RiskManager.MAX_TOTAL_RISK=35). Raw components (0-100 each): atr=70 gap=75 overnight=10 news=10 liquidity=20 volatility=30 portfolio=45 sector=10 correlation=13 capital=10."
trade_1790048965779,1790048965.7792501,ONEPOINT.NS,BUY,CLOSE,64,60.29999923706055,60.79,CLOSED,31.360048828124945,0.8126049239454989,0.8126049239454989,0.0,BULL,73.91,"Below preferred risk/reward profile.; Risk engine flagged this symbol as unsafe (grade: C, total_risk: 38/100). Plain weighted score exceeded the safety threshold (RiskManager.MAX_TOTAL_RISK=35). Raw components (0-100 each): atr=70 gap=75 overnight=10 news=10 liquidity=20 volatility=30 portfolio=45 sector=10 correlation=13 capital=10.; Risk engine flagged this symbol as unsafe (grade: C, total_risk: 38/100). Plain weighted score exceeded the safety threshold (RiskManager.MAX_TOTAL_RISK=35). Raw components (0-100 each): atr=70 gap=75 overnight=10 news=10 liquidity=20 volatility=30 portfolio=45 sector=10 correlation=13 capital=10."
trade_1790048972290,1790048972.2903974,URBANCO.NS,BUY,CLOSE,7,168.3000030517578,172.0,CLOSED,25.899978637695312,2.198453286482898,2.198453286482898,0.22578909380112222,BULL,56.48,"Below preferred risk/reward profile.; Risk engine flagged this symbol as unsafe (grade: C, total_risk: 38/100). Plain weighted score exceeded the safety threshold (RiskManager.MAX_TOTAL_RISK=35). Raw components (0-100 each): atr=70 gap=75 overnight=10 news=10 liquidity=20 volatility=30 portfolio=45 sector=10 correlation=13 capital=10.; Risk engine flagged this symbol as unsafe (grade: C, total_risk: 38/100). Plain weighted score exceeded the safety threshold (RiskManager.MAX_TOTAL_RISK=35). Raw components (0-100 each): atr=70 gap=75 overnight=10 news=10 liquidity=20 volatility=30 portfolio=45 sector=10 correlation=13 capital=10."
trade_1790048974740,1790048974.7406802,DIACABS.NS,BUY,CLOSE,6,378.79998779296875,380.0,CLOSED,7.2000732421875,0.31679309548634693,0.31679309548634693,0.0,BULL,70.12,"Below preferred risk/reward profile.; Risk engine flagged this symbol as unsafe (grade: C, total_risk: 38/100). Plain weighted score exceeded the safety threshold (RiskManager.MAX_TOTAL_RISK=35). Raw components (0-100 each): atr=70 gap=75 overnight=10 news=10 liquidity=20 volatility=38 portfolio=45 sector=10 correlation=13 capital=10.; Risk engine flagged this symbol as unsafe (grade: C, total_risk: 38/100). Plain weighted score exceeded the safety threshold (RiskManager.MAX_TOTAL_RISK=35). Raw components (0-100 each): atr=70 gap=75 overnight=10 news=10 liquidity=20 volatility=38 portfolio=45 sector=10 correlation=13 capital=10."
trade_1790048975599,1790048975.5995286,SAMBHV.NS,BUY,CLOSE,48,155.89999389648438,155.86,CLOSED,-1.9197070312493452,-0.025653558723624327,0.0,0.025653558723624327,BULL,65.03,"Below preferred risk/reward profile.; High market volatility.; Risk engine flagged this symbol as unsafe (grade: C, total_risk: 40/100). Plain weighted score exceeded the safety threshold (RiskManager.MAX_TOTAL_RISK=35). Raw components (0-100 each): atr=70 gap=75 overnight=10 news=10 liquidity=20 volatility=78 portfolio=45 sector=10 correlation=13 capital=10.; Risk engine flagged this symbol as unsafe (grade: C, total_risk: 40/100). Plain weighted score exceeded the safety threshold (RiskManager.MAX_TOTAL_RISK=35). Raw components (0-100 each): atr=70 gap=75 overnight=10 news=10 liquidity=20 volatility=78 portfolio=45 sector=10 correlation=13 capital=10."
trade_1790048976503,1790048976.5037038,CUPID.NS,BUY,CLOSE,5,280.54998779296875,255.45,CLOSED,-125.4999389648438,-8.946707854249219,2.174304926911178,8.946707854249219,BULL,46.14,"Below preferred risk/reward profile.; Risk engine flagged this symbol as unsafe (grade: C, total_risk: 38/100). Plain weighted score exceeded the safety threshold (RiskManager.MAX_TOTAL_RISK=35). Raw components (0-100 each): atr=70 gap=75 overnight=10 news=10 liquidity=20 volatility=30 portfolio=45 sector=10 correlation=13 capital=10.; Active stop-loss triggered.; Risk engine flagged this symbol as unsafe (grade: C, total_risk: 38/100). Plain weighted score exceeded the safety threshold (RiskManager.MAX_TOTAL_RISK=35). Raw components (0-100 each): atr=70 gap=75 overnight=10 news=10 liquidity=20 volatility=30 portfolio=45 sector=10 correlation=13 capital=10."
trade_1790048977368,1790048977.3684487,WOCKPHARMA.NS,BUY,CLOSE,1,2050.0,2211.9,CLOSED,161.9000000000001,7.8975609756097604,7.8975609756097604,0.4878048780487805,BULL,67.45,"Break-even stop activated.; Partial profit target reached.; Excellent risk/reward profile.; Risk engine flagged this symbol as unsafe (grade: C, total_risk: 38/100). Plain weighted score exceeded the safety threshold (RiskManager.MAX_TOTAL_RISK=35). Raw components (0-100 each): atr=70 gap=75 overnight=10 news=10 liquidity=20 volatility=38 portfolio=45 sector=10 correlation=13 capital=10.; Risk engine flagged this symbol as unsafe (grade: C, total_risk: 38/100). Plain weighted score exceeded the safety threshold (RiskManager.MAX_TOTAL_RISK=35). Raw components (0-100 each): atr=70 gap=75 overnight=10 news=10 liquidity=20 volatility=38 portfolio=45 sector=10 correlation=13 capital=10."
trade_1790048981642,1790048981.6427407,GOODLUCK.NS,BUY,CLOSE,19,509.8999938964844,529.65,CLOSED,375.25011596679644,3.8733097352272345,3.8733097352272345,0.0,BULL,73.54,"Below preferred risk/reward profile.; Risk engine flagged this symbol as unsafe (grade: C, total_risk: 38/100). Plain weighted score exceeded the safety threshold (RiskManager.MAX_TOTAL_RISK=35). Raw components (0-100 each): atr=70 gap=75 overnight=10 news=10 liquidity=20 volatility=38 portfolio=45 sector=10 correlation=13 capital=10.; Risk engine flagged this symbol as unsafe (grade: C, total_risk: 38/100). Plain weighted score exceeded the safety threshold (RiskManager.MAX_TOTAL_RISK=35). Raw components (0-100 each): atr=70 gap=75 overnight=10 news=10 liquidity=20 volatility=38 portfolio=45 sector=10 correlation=13 capital=10."
trade_1790048983500,1790048983.5009472,EDELWEISS.NS,BUY,CLOSE,43,140.60000610351562,143.74,CLOSED,135.01973754882852,2.2332814794990754,2.2332814794990754,0.0,BULL,68.59,"Below preferred risk/reward profile.; Risk engine flagged this symbol as unsafe (grade: C, total_risk: 38/100). Plain weighted score exceeded the safety threshold (RiskManager.MAX_TOTAL_RISK=35). Raw components (0-100 each): atr=70 gap=75 overnight=10 news=10 liquidity=20 volatility=30 portfolio=45 sector=10 correlation=13 capital=10.; Risk engine flagged this symbol as unsafe (grade: C, total_risk: 38/100). Plain weighted score exceeded the safety threshold (RiskManager.MAX_TOTAL_RISK=35). Raw components (0-100 each): atr=70 gap=75 overnight=10 news=10 liquidity=20 volatility=30 portfolio=45 sector=10 correlation=13 capital=10."
trade_1790048989126,1790048989.1261048,PRECWIRE.NS,BUY,CLOSE,17,478.3999938964844,488.95,CLOSED,179.35010375976543,2.205268862482137,2.205268862482137,0.0,BULL,58.32,"Below preferred risk/reward profile.; Risk engine flagged this symbol as unsafe (grade: C, total_risk: 38/100). Plain weighted score exceeded the safety threshold (RiskManager.MAX_TOTAL_RISK=35). Raw components (0-100 each): atr=70 gap=75 overnight=10 news=10 liquidity=20 volatility=38 portfolio=45 sector=10 correlation=13 capital=10.; Risk engine flagged this symbol as unsafe (grade: C, total_risk: 38/100). Plain weighted score exceeded the safety threshold (RiskManager.MAX_TOTAL_RISK=35). Raw components (0-100 each): atr=70 gap=75 overnight=10 news=10 liquidity=20 volatility=38 portfolio=45 sector=10 correlation=13 capital=10."
trade_1790048990909,1790048990.9099836,SSWL.NS,BUY,CLOSE,4,375.0,369.25,CLOSED,-23.0,-1.5333333333333332,0.0,1.5333333333333332,BULL,65.76,"Below preferred risk/reward profile.; Risk engine flagged this symbol as unsafe (grade: C, total_risk: 38/100). Plain weighted score exceeded the safety threshold (RiskManager.MAX_TOTAL_RISK=35). Raw components (0-100 each): atr=70 gap=75 overnight=10 news=10 liquidity=20 volatility=45 portfolio=45 sector=10 correlation=13 capital=10.; Risk engine flagged this symbol as unsafe (grade: C, total_risk: 38/100). Plain weighted score exceeded the safety threshold (RiskManager.MAX_TOTAL_RISK=35). Raw components (0-100 each): atr=70 gap=75 overnight=10 news=10 liquidity=20 volatility=45 portfolio=45 sector=10 correlation=13 capital=10."
trade_1790048992758,1790048992.7586017,CEIGALL.NS,BUY,CLOSE,18,374.0,379.55,CLOSED,99.9000000000002,1.48395721925134,1.48395721925134,0.4010695187165776,BULL,77.03,"Below preferred risk/reward profile.; Risk engine flagged this symbol as unsafe (grade: C, total_risk: 38/100). Plain weighted score exceeded the safety threshold (RiskManager.MAX_TOTAL_RISK=35). Raw components (0-100 each): atr=70 gap=75 overnight=10 news=10 liquidity=20 volatility=38 portfolio=45 sector=10 correlation=13 capital=10.; Risk engine flagged this symbol as unsafe (grade: C, total_risk: 38/100). Plain weighted score exceeded the safety threshold (RiskManager.MAX_TOTAL_RISK=35). Raw components (0-100 each): atr=70 gap=75 overnight=10 news=10 liquidity=20 volatility=38 portfolio=45 sector=10 correlation=13 capital=10."
trade_1790048993704,1790048993.7041836,PFOCUS.NS,BUY,CLOSE,8,352.6000061035156,356.45,CLOSED,30.79995117187491,1.0918870759616748,1.0918870759616748,0.0,BULL,56.74,"Below preferred risk/reward profile.; Risk engine flagged this symbol as unsafe (grade: C, total_risk: 38/100). Plain weighted score exceeded the safety threshold (RiskManager.MAX_TOTAL_RISK=35). Raw components (0-100 each): atr=70 gap=75 overnight=10 news=10 liquidity=20 volatility=38 portfolio=45 sector=10 correlation=13 capital=10.; Risk engine flagged this symbol as unsafe (grade: C, total_risk: 38/100). Plain weighted score exceeded the safety threshold (RiskManager.MAX_TOTAL_RISK=35). Raw components (0-100 each): atr=70 gap=75 overnight=10 news=10 liquidity=20 volatility=38 portfolio=45 sector=10 correlation=13 capital=10."
trade_1790048995492,1790048995.4923794,PARAGMILK.NS,BUY,CLOSE,9,252.0,274.7,CLOSED,420.2999999999999,9.007936507936504,10.555555555555566,0.0,BULL,74.95,"Break-even stop activated.; Partial profit target reached.; Excellent risk/reward profile.; Risk engine flagged this symbol as unsafe (grade: C, total_risk: 38/100). Plain weighted score exceeded the safety threshold (RiskManager.MAX_TOTAL_RISK=35). Raw components (0-100 each): atr=70 gap=75 overnight=10 news=10 liquidity=20 volatility=30 portfolio=45 sector=10 correlation=13 capital=10.; Risk engine flagged this symbol as unsafe (grade: C, total_risk: 38/100). Plain weighted score exceeded the safety threshold (RiskManager.MAX_TOTAL_RISK=35). Raw components (0-100 each): atr=70 gap=75 overnight=10 news=10 liquidity=20 volatility=30 portfolio=45 sector=10 correlation=13 capital=10."
trade_1790048997307,1790048997.3074808,FIVESTAR.NS,BUY,CLOSE,12,525.0,528.35,CLOSED,40.20000000000027,0.6380952380952425,0.6380952380952425,0.0,SIDEWAYS,56.12,"Below preferred risk/reward profile.; Risk engine flagged this symbol as unsafe (grade: C, total_risk: 39/100). Plain weighted score exceeded the safety threshold (RiskManager.MAX_TOTAL_RISK=35). Raw components (0-100 each): atr=70 gap=75 overnight=10 news=10 liquidity=20 volatility=30 portfolio=45 sector=10 correlation=13 capital=10.; Risk engine flagged this symbol as unsafe (grade: C, total_risk: 39/100). Plain weighted score exceeded the safety threshold (RiskManager.MAX_TOTAL_RISK=35). Raw components (0-100 each): atr=70 gap=75 overnight=10 news=10 liquidity=20 volatility=30 portfolio=45 sector=10 correlation=13 capital=10."
trade_1790049000191,1790049000.1914694,JYOTICNC.NS,BUY,CLOSE,5,1058.199951171875,1106.5,CLOSED,241.500244140625,4.564359389228512,4.564359389228512,0.0,BULL,58.3,"Below preferred risk/reward profile.; Risk engine flagged this symbol as unsafe (grade: C, total_risk: 38/100). Plain weighted score exceeded the safety threshold (RiskManager.MAX_TOTAL_RISK=35). Raw components (0-100 each): atr=70 gap=75 overnight=10 news=10 liquidity=20 volatility=30 portfolio=45 sector=10 correlation=13 capital=10.; Risk engine flagged this symbol as unsafe (grade: C, total_risk: 38/100). Plain weighted score exceeded the safety threshold (RiskManager.MAX_TOTAL_RISK=35). Raw components (0-100 each): atr=70 gap=75 overnight=10 news=10 liquidity=20 volatility=30 portfolio=45 sector=10 correlation=13 capital=10."
trade_1790049001946,1790049001.9460936,AEGISLOG.NS,BUY,CLOSE,3,1381.9000244140625,1503.1,CLOSED,363.5999267578122,8.770531402033026,8.770531402033026,1.3532110922417435,BULL,64.4,"Break-even stop activated.; Partial profit target reached.; Excellent risk/reward profile.; Risk engine flagged this symbol as unsafe (grade: C, total_risk: 38/100). Plain weighted score exceeded the safety threshold (RiskManager.MAX_TOTAL_RISK=35). Raw components (0-100 each): atr=70 gap=75 overnight=10 news=10 liquidity=20 volatility=30 portfolio=45 sector=10 correlation=13 capital=10.; Risk engine flagged this symbol as unsafe (grade: C, total_risk: 38/100). Plain weighted score exceeded the safety threshold (RiskManager.MAX_TOTAL_RISK=35). Raw components (0-100 each): atr=70 gap=75 overnight=10 news=10 liquidity=20 volatility=30 portfolio=45 sector=10 correlation=13 capital=10."
trade_1790049003761,1790049003.761423,GUJTHEM.NS,BUY,CLOSE,5,431.5,414.85,CLOSED,-83.24999999999989,-3.8586326767091492,0.0,3.8586326767091492,BULL,51.95,"Below preferred risk/reward profile.; Risk engine flagged this symbol as unsafe (grade: C, total_risk: 38/100). Plain weighted score exceeded the safety threshold (RiskManager.MAX_TOTAL_RISK=35). Raw components (0-100 each): atr=70 gap=75 overnight=10 news=10 liquidity=20 volatility=30 portfolio=45 sector=10 correlation=13 capital=10.; Risk engine flagged this symbol as unsafe (grade: C, total_risk: 38/100). Plain weighted score exceeded the safety threshold (RiskManager.MAX_TOTAL_RISK=35). Raw components (0-100 each): atr=70 gap=75 overnight=10 news=10 liquidity=20 volatility=30 portfolio=45 sector=10 correlation=13 capital=10."
trade_1790049004692,1790049004.6920424,ACMESOLAR.NS,BUY,CLOSE,20,439.0,457.75,CLOSED,375.0,4.271070615034168,4.271070615034168,0.0,BULL,58.0,"Partial profit target reached.; Below preferred risk/reward profile.; Risk engine flagged this symbol as unsafe (grade: C, total_risk: 38/100). Plain weighted score exceeded the safety threshold (RiskManager.MAX_TOTAL_RISK=35). Raw components (0-100 each): atr=70 gap=75 overnight=10 news=10 liquidity=20 volatility=30 portfolio=45 sector=10 correlation=13 capital=10.; Risk engine flagged this symbol as unsafe (grade: C, total_risk: 38/100). Plain weighted score exceeded the safety threshold (RiskManager.MAX_TOTAL_RISK=35). Raw components (0-100 each): atr=70 gap=75 overnight=10 news=10 liquidity=20 volatility=30 portfolio=45 sector=10 correlation=13 capital=10."
trade_1790049013152,1790049013.1524475,QUESS.NS,BUY,CLOSE,4,351.6499938964844,361.5,CLOSED,39.4000244140625,2.8010824042315163,2.8010824042315163,0.0,BULL,75.2,"Below preferred risk/reward profile.; Risk engine flagged this symbol as unsafe (grade: C, total_risk: 38/100). Plain weighted score exceeded the safety threshold (RiskManager.MAX_TOTAL_RISK=35). Raw components (0-100 each): atr=70 gap=75 overnight=10 news=10 liquidity=20 volatility=30 portfolio=45 sector=10 correlation=13 capital=10.; Risk engine flagged this symbol as unsafe (grade: C, total_risk: 38/100). Plain weighted score exceeded the safety threshold (RiskManager.MAX_TOTAL_RISK=35). Raw components (0-100 each): atr=70 gap=75 overnight=10 news=10 liquidity=20 volatility=30 portfolio=45 sector=10 correlation=13 capital=10."
trade_1790049014985,1790049014.9851303,AEGISVOPAK.NS,BUY,CLOSE,24,305.0,316.55,CLOSED,277.2000000000003,3.786885245901643,3.786885245901643,3.655737704918025,BULL,66.87,"Below preferred risk/reward profile.; Risk engine flagged this symbol as unsafe (grade: C, total_risk: 38/100). Plain weighted score exceeded the safety threshold (RiskManager.MAX_TOTAL_RISK=35). Raw components (0-100 each): atr=70 gap=75 overnight=10 news=10 liquidity=20 volatility=38 portfolio=45 sector=10 correlation=13 capital=10.; Risk engine flagged this symbol as unsafe (grade: C, total_risk: 38/100). Plain weighted score exceeded the safety threshold (RiskManager.MAX_TOTAL_RISK=35). Raw components (0-100 each): atr=70 gap=75 overnight=10 news=10 liquidity=20 volatility=38 portfolio=45 sector=10 correlation=13 capital=10."
trade_1790049017237,1790049017.2371688,ENGINERSIN.NS,BUY,CLOSE,29,268.25,284.35,CLOSED,466.90000000000066,6.0018639328984245,6.0018639328984245,0.0,BULL,70.55,"Break-even stop activated.; Excellent risk/reward profile.; Risk engine flagged this symbol as unsafe (grade: C, total_risk: 38/100). Plain weighted score exceeded the safety threshold (RiskManager.MAX_TOTAL_RISK=35). Raw components (0-100 each): atr=70 gap=75 overnight=10 news=10 liquidity=20 volatility=30 portfolio=45 sector=10 correlation=13 capital=10.; Risk engine flagged this symbol as unsafe (grade: C, total_risk: 38/100). Plain weighted score exceeded the safety threshold (RiskManager.MAX_TOTAL_RISK=35). Raw components (0-100 each): atr=70 gap=75 overnight=10 news=10 liquidity=20 volatility=30 portfolio=45 sector=10 correlation=13 capital=10."
trade_1790049018209,1790049018.2095218,IRISDOREME.NS,BUY,PARTIAL_CLOSE,31,64.80999755859375,64.21,OPEN,-18.599924316406444,0.0,0.0,0.9257793260234386,BULL,67.07,Below preferred risk/reward profile.; High market volatility.; High market volatility.
trade_1790049019153,1790049019.153615,ATHERENERG.NS,BUY,CLOSE,1,1614.0,1598.9,CLOSED,-15.099999999999909,-0.9355638166047031,0.0,0.9355638166047031,BULL,52.25,"Below preferred risk/reward profile.; Risk engine flagged this symbol as unsafe (grade: C, total_risk: 36/100). Plain weighted score exceeded the safety threshold (RiskManager.MAX_TOTAL_RISK=35). Raw components (0-100 each): atr=70 gap=75 overnight=10 news=10 liquidity=20 volatility=30 portfolio=35 sector=10 correlation=13 capital=10.; Risk engine flagged this symbol as unsafe (grade: C, total_risk: 36/100). Plain weighted score exceeded the safety threshold (RiskManager.MAX_TOTAL_RISK=35). Raw components (0-100 each): atr=70 gap=75 overnight=10 news=10 liquidity=20 volatility=30 portfolio=35 sector=10 correlation=13 capital=10."
trade_1790049020045,1790049020.0459988,WELCORP.NS,BUY,CLOSE,2,2762.699951171875,2774.4,CLOSED,23.400097656250182,0.4235005261125876,0.4235005261125876,0.0,BULL,68.33,"Below preferred risk/reward profile.; High market volatility.; Risk engine flagged this symbol as unsafe (grade: C, total_risk: 38/100). Plain weighted score exceeded the safety threshold (RiskManager.MAX_TOTAL_RISK=35). Raw components (0-100 each): atr=70 gap=75 overnight=10 news=10 liquidity=20 volatility=78 portfolio=35 sector=10 correlation=13 capital=10.; Risk engine flagged this symbol as unsafe (grade: C, total_risk: 38/100). Plain weighted score exceeded the safety threshold (RiskManager.MAX_TOTAL_RISK=35). Raw components (0-100 each): atr=70 gap=75 overnight=10 news=10 liquidity=20 volatility=78 portfolio=35 sector=10 correlation=13 capital=10."
trade_1790049021947,1790049021.9471204,ICIL.NS,BUY,CLOSE,9,436.25,441.65,CLOSED,48.599999999999795,1.2378223495701954,1.2378223495701954,0.0,BULL,58.34,"Below preferred risk/reward profile.; Risk engine flagged this symbol as unsafe (grade: C, total_risk: 36/100). Plain weighted score exceeded the safety threshold (RiskManager.MAX_TOTAL_RISK=35). Raw components (0-100 each): atr=70 gap=75 overnight=10 news=10 liquidity=20 volatility=30 portfolio=35 sector=10 correlation=13 capital=10.; Risk engine flagged this symbol as unsafe (grade: C, total_risk: 36/100). Plain weighted score exceeded the safety threshold (RiskManager.MAX_TOTAL_RISK=35). Raw components (0-100 each): atr=70 gap=75 overnight=10 news=10 liquidity=20 volatility=30 portfolio=35 sector=10 correlation=13 capital=10."
paper_SAMBHV_NS_1790135199859,1790135199.8736963,SAMBHV.NS,BUY,OPEN,88,152.8000030517578,,OPEN,,,,,N/A,0.0,"Morning Executor: gap +3.54% (0.86x ATR, NORMAL band); No company-specific news available. | 20 macro headline(s), bias 0.06 — not a blocker."
paper_STEELXIND_NS_1790135201364,1790135201.4263623,STEELXIND.NS,BUY,OPEN,1141,11.210000038146973,,OPEN,,,,,N/A,0.0,"Morning Executor: gap -4.51% (0.90x ATR, NORMAL band); No NEW company-specific overnight news since last night's scan. | 20 macro headline(s), bias 0.06 — not a blocker."
paper_NORTHARC_NS_1790135203427,1790135203.4287863,NORTHARC.NS,BUY,OPEN,38,317.70001220703125,,OPEN,,,,,N/A,0.0,"Morning Executor: gap +1.31% (0.36x ATR, NORMAL band); No NEW company-specific overnight news since last night's scan. | 20 macro headline(s), bias 0.06 — not a blocker."
paper_FIVESTAR_NS_1790135205136,1790135205.1378114,FIVESTAR.NS,BUY,OPEN,22,524.5,,OPEN,,,,,N/A,0.0,"Morning Executor: gap -2.59% (0.78x ATR, NORMAL band); No NEW company-specific overnight news since last night's scan. | 20 macro headline(s), bias 0.06 — not a blocker."
paper_EDELWEISS_NS_1790135206974,1790135206.9750266,EDELWEISS.NS,BUY,OPEN,77,142.1999969482422,,OPEN,,,,,N/A,0.0,"Morning Executor: gap +4.37% (1.02x ATR, WARNING band); No NEW company-specific overnight news since last night's scan. | 20 macro headline(s), bias 0.06 — not a blocker."
paper_WELCORP_NS_1790135208934,1790135208.9356506,WELCORP.NS,BUY,OPEN,3,2740.5,,OPEN,,,,,N/A,0.0,"Morning Executor: gap +3.02% (0.63x ATR, NORMAL band); No NEW company-specific overnight news since last night's scan. | 20 macro headline(s), bias 0.06 — not a blocker."
paper_MCX_NS_1790135213857,1790135213.8587804,MCX.NS,BUY,OPEN,3,3269.0,,OPEN,,,,,N/A,0.0,"Morning Executor: gap +0.28% (0.09x ATR, NORMAL band); No NEW company-specific overnight news since last night's scan. | 20 macro headline(s), bias 0.06 — not a blocker."
paper_BEPL_NS_1790135215474,1790135215.4776366,BEPL.NS,BUY,OPEN,72,130.77999877929688,,OPEN,,,,,N/A,0.0,"Morning Executor: gap +1.42% (0.36x ATR, NORMAL band); No company-specific news available. | 20 macro headline(s), bias 0.06 — not a blocker."
paper_JKPAPER_NS_1790135217284,1790135217.2853148,JKPAPER.NS,BUY,OPEN,21,417.3999938964844,,OPEN,,,,,N/A,0.0,"Morning Executor: gap -3.07% (0.89x ATR, NORMAL band); No NEW company-specific overnight news since last night's scan. | 20 macro headline(s), bias 0.06 — not a blocker."
paper_ICIL_NS_1790135220751,1790135220.7531638,ICIL.NS,BUY,OPEN,19,448.8500061035156,,OPEN,,,,,N/A,0.0,"Morning Executor: gap +0.34% (0.07x ATR, NORMAL band); No NEW company-specific overnight news since last night's scan. | 20 macro headline(s), bias 0.06 — not a blocker."
paper_ARFIN_NS_1790135228046,1790135228.0478148,ARFIN.NS,BUY,OPEN,91,89.30000305175781,,OPEN,,,,,N/A,0.0,"Morning Executor: gap -0.36% (0.08x ATR, NORMAL band); No company-specific news available. | 20 macro headline(s), bias 0.06 — not a blocker."
paper_PFOCUS_NS_1790135229709,1790135229.7101102,PFOCUS.NS,BUY,OPEN,21,362.54998779296875,,OPEN,,,,,N/A,0.0,"Morning Executor: gap +5.29% (1.34x ATR, WARNING band); No company-specific news available. | 20 macro headline(s), bias 0.06 — not a blocker."
paper_SYRMA_NS_1790135231495,1790135231.535709,SYRMA.NS,BUY,OPEN,4,1750.300048828125,,OPEN,,,,,N/A,0.0,"Morning Executor: gap +1.24% (0.30x ATR, NORMAL band); No NEW company-specific overnight news since last night's scan. | 20 macro headline(s), bias 0.06 — not a blocker."
paper_SOLARA_NS_1790135233344,1790135233.3457003,SOLARA.NS,BUY,OPEN,9,744.5499877929688,,OPEN,,,,,N/A,0.0,"Morning Executor: gap +0.34% (0.07x ATR, NORMAL band); No NEW company-specific overnight news since last night's scan. | 20 macro headline(s), bias 0.06 — not a blocker."
paper_PCBL_NS_1790135234996,1790135234.9972873,PCBL.NS,BUY,OPEN,19,346.54998779296875,,OPEN,,,,,N/A,0.0,"Morning Executor: gap +2.93% (0.90x ATR, NORMAL band); No NEW company-specific overnight news since last night's scan. | 20 macro headline(s), bias 0.06 — not a blocker."
paper_DIACABS_NS_1790135236834,1790135236.8356073,DIACABS.NS,BUY,OPEN,17,371.79998779296875,,OPEN,,,,,N/A,0.0,"Morning Executor: gap +1.36% (0.28x ATR, NORMAL band); No company-specific news available. | 20 macro headline(s), bias 0.06 — not a blocker."
paper_ATHERENERG_NS_1790135238461,1790135238.46234,ATHERENERG.NS,BUY,OPEN,3,1544.0,,OPEN,,,,,N/A,0.0,"Morning Executor: gap -5.85% (1.53x ATR, WARNING band); No NEW company-specific overnight news since last night's scan. | 20 macro headline(s), bias 0.06 — not a blocker."
paper_PARADEEP_NS_1790135243380,1790135243.3810806,PARADEEP.NS,BUY,OPEN,37,154.5,,OPEN,,,,,N/A,0.0,"Morning Executor: gap -0.72% (0.22x ATR, NORMAL band); No NEW company-specific overnight news since last night's scan. | 20 macro headline(s), bias 0.06 — not a blocker."
trade_1790135298707,1790135298.7072067,TEJASNET.NS,BUY,CLOSE,4,524.75,518.4,CLOSED,-25.40000000000009,-1.2101000476417385,0.0,2.105764649833245,SIDEWAYS,42.66,Below preferred risk/reward profile.; Trend reversal detected.; Trend reversal confirmed.
trade_1790135301326,1790135301.326815,SAMBHV.NS,BUY,CLOSE,88,152.8000030517578,152.59,CLOSED,-18.4802685546872,-0.1374365494526037,0.0,0.1374365494526037,BULL,64.09,"Below preferred risk/reward profile.; High market volatility.; Risk engine flagged this symbol as unsafe (grade: D, total_risk: 43/100). Plain weighted score exceeded the safety threshold (RiskManager.MAX_TOTAL_RISK=35). Raw components (0-100 each): atr=70 gap=75 overnight=10 news=10 liquidity=20 volatility=78 portfolio=60 sector=10 correlation=17 capital=25.; Risk engine flagged this symbol as unsafe (grade: D, total_risk: 43/100). Plain weighted score exceeded the safety threshold (RiskManager.MAX_TOTAL_RISK=35). Raw components (0-100 each): atr=70 gap=75 overnight=10 news=10 liquidity=20 volatility=78 portfolio=60 sector=10 correlation=17 capital=25."
trade_1790135303975,1790135303.9754817,PFOCUS.NS,BUY,CLOSE,21,362.54998779296875,358.9,CLOSED,-76.64974365234423,-1.0067543554995426,0.0,1.0067543554995426,BULL,55.45,"Below preferred risk/reward profile.; Risk engine flagged this symbol as unsafe (grade: C, total_risk: 39/100). Plain weighted score exceeded the safety threshold (RiskManager.MAX_TOTAL_RISK=35). Raw components (0-100 each): atr=70 gap=75 overnight=10 news=10 liquidity=20 volatility=38 portfolio=45 sector=10 correlation=17 capital=25.; Risk engine flagged this symbol as unsafe (grade: C, total_risk: 39/100). Plain weighted score exceeded the safety threshold (RiskManager.MAX_TOTAL_RISK=35). Raw components (0-100 each): atr=70 gap=75 overnight=10 news=10 liquidity=20 volatility=38 portfolio=45 sector=10 correlation=17 capital=25."
trade_1790135304950,1790135304.950281,IRISDOREME.NS,BUY,CLOSE,31,64.80999755859375,66.06,CLOSED,20.150151367187377,1.928718544197049,1.928718544197049,0.9257793260234386,BULL,65.9,"Below preferred risk/reward profile.; High market volatility.; Risk engine flagged this symbol as unsafe (grade: C, total_risk: 39/100). Plain weighted score exceeded the safety threshold (RiskManager.MAX_TOTAL_RISK=35). Raw components (0-100 each): atr=70 gap=75 overnight=10 news=10 liquidity=20 volatility=70 portfolio=45 sector=10 correlation=17 capital=25.; Risk engine flagged this symbol as unsafe (grade: C, total_risk: 39/100). Plain weighted score exceeded the safety threshold (RiskManager.MAX_TOTAL_RISK=35). Raw components (0-100 each): atr=70 gap=75 overnight=10 news=10 liquidity=20 volatility=70 portfolio=45 sector=10 correlation=17 capital=25."
trade_1790135305844,1790135305.844933,JSWINFRA.NS,BUY,PARTIAL_CLOSE,2,339.25,370.0,OPEN,61.5,9.064112011790716,8.327192336035372,4.215180545320563,BULL,65.82,Break-even stop activated.; Partial profit target reached.; Excellent risk/reward profile.; Partial target achieved.
trade_1790135325225,1790135325.2250962,NRBBEARING.NS,BUY,CLOSE,15,525.7999877929688,527.0,CLOSED,18.00018310546875,0.22822598609563852,0.285281902216747,0.0,BULL,68.01,"Below preferred risk/reward profile.; Risk engine flagged this symbol as unsafe (grade: C, total_risk: 39/100). Plain weighted score exceeded the safety threshold (RiskManager.MAX_TOTAL_RISK=35). Raw components (0-100 each): atr=70 gap=75 overnight=10 news=10 liquidity=20 volatility=38 portfolio=45 sector=10 correlation=17 capital=25.; Risk engine flagged this symbol as unsafe (grade: C, total_risk: 39/100). Plain weighted score exceeded the safety threshold (RiskManager.MAX_TOTAL_RISK=35). Raw components (0-100 each): atr=70 gap=75 overnight=10 news=10 liquidity=20 volatility=38 portfolio=45 sector=10 correlation=17 capital=25."
trade_1790135334744,1790135334.744365,SYRMA.NS,BUY,PARTIAL_CLOSE,2,1750.300048828125,1744.2,OPEN,-12.200097656249909,-0.3485144636891891,0.0,0.3485144636891891,BULL,55.1,Below preferred risk/reward profile.; High market volatility.; High market volatility.
trade_1790135335698,1790135335.6983519,OIL.NS,BUY,CLOSE,14,494.3999938964844,467.0,CLOSED,-383.59991455078125,-5.542070031299653,0.0,5.167879088168823,SIDEWAYS,44.4,Below preferred risk/reward profile.; Active stop-loss triggered.; Stop-loss triggered.
trade_1790135342254,1790135342.25414,ICIL.NS,BUY,CLOSE,19,448.8500061035156,449.5,CLOSED,12.349884033203125,0.1448131642298498,0.1448131642298498,0.0,BULL,71.21,"Below preferred risk/reward profile.; Risk engine flagged this symbol as unsafe (grade: C, total_risk: 38/100). Plain weighted score exceeded the safety threshold (RiskManager.MAX_TOTAL_RISK=35). Raw components (0-100 each): atr=70 gap=75 overnight=10 news=10 liquidity=20 volatility=30 portfolio=45 sector=10 correlation=17 capital=10.; Risk engine flagged this symbol as unsafe (grade: C, total_risk: 38/100). Plain weighted score exceeded the safety threshold (RiskManager.MAX_TOTAL_RISK=35). Raw components (0-100 each): atr=70 gap=75 overnight=10 news=10 liquidity=20 volatility=30 portfolio=45 sector=10 correlation=17 capital=10."
trade_1790135345932,1790135345.9322317,SHREEJISPG.NS,BUY,CLOSE,10,689.9500122070312,724.65,CLOSED,346.9998779296873,5.029348094649559,5.029348094649559,0.0,BULL,64.82,"Healthy risk/reward profile.; Risk engine flagged this symbol as unsafe (grade: C, total_risk: 38/100). Plain weighted score exceeded the safety threshold (RiskManager.MAX_TOTAL_RISK=35). Raw components (0-100 each): atr=70 gap=75 overnight=10 news=10 liquidity=20 volatility=30 portfolio=45 sector=10 correlation=17 capital=10.; Risk engine flagged this symbol as unsafe (grade: C, total_risk: 38/100). Plain weighted score exceeded the safety threshold (RiskManager.MAX_TOTAL_RISK=35). Raw components (0-100 each): atr=70 gap=75 overnight=10 news=10 liquidity=20 volatility=30 portfolio=45 sector=10 correlation=17 capital=10."
trade_1790135354483,1790135354.4830344,RAMRAT.NS,BUY,CLOSE,4,550.0999755859375,576.0,CLOSED,103.60009765625,4.708239513458469,4.708239513458469,0.0,BULL,67.82,"Below preferred risk/reward profile.; Risk engine flagged this symbol as unsafe (grade: C, total_risk: 38/100). Plain weighted score exceeded the safety threshold (RiskManager.MAX_TOTAL_RISK=35). Raw components (0-100 each): atr=70 gap=75 overnight=10 news=10 liquidity=20 volatility=30 portfolio=45 sector=10 correlation=17 capital=10.; Risk engine flagged this symbol as unsafe (grade: C, total_risk: 38/100). Plain weighted score exceeded the safety threshold (RiskManager.MAX_TOTAL_RISK=35). Raw components (0-100 each): atr=70 gap=75 overnight=10 news=10 liquidity=20 volatility=30 portfolio=45 sector=10 correlation=17 capital=10."
paper_NRBBEARING_NS_1790221604141,1790221604.1430285,NRBBEARING.NS,BUY,OPEN,15,538.0,,OPEN,,,,,N/A,0.0,"Morning Executor: gap +2.38% (0.55x ATR, NORMAL band); No NEW company-specific overnight news since last night's scan. | 20 macro headline(s), bias 0.06 — not a blocker."
paper_SAMBHV_NS_1790221606333,1790221606.3341897,SAMBHV.NS,BUY,OPEN,52,157.0,,OPEN,,,,,N/A,0.0,"Morning Executor: gap +6.39% (1.54x ATR, WARNING band); No company-specific news available. | 20 macro headline(s), bias 0.06 — not a blocker."
paper_ICIL_NS_1790221633198,1790221633.233861,ICIL.NS,BUY,OPEN,16,474.5,,OPEN,,,,,N/A,0.0,"Morning Executor: gap +6.07% (1.27x ATR, WARNING band); No NEW company-specific overnight news since last night's scan. | 20 macro headline(s), bias 0.06 — not a blocker."
paper_IRISDOREME_NS_1790221635452,1790221635.4538047,IRISDOREME.NS,BUY,OPEN,111,66.19999694824219,,OPEN,,,,,N/A,0.0,"Morning Executor: gap +2.51% (0.55x ATR, NORMAL band); No NEW company-specific overnight news since last night's scan. | 20 macro headline(s), bias 0.06 — not a blocker."
paper_PFOCUS_NS_1790221644367,1790221644.3686311,PFOCUS.NS,BUY,OPEN,21,329.0,,OPEN,,,,,N/A,0.0,"Morning Executor: gap -4.46% (1.13x ATR, WARNING band); No company-specific news available. | 20 macro headline(s), bias 0.06 — not a blocker."
paper_RAMRAT_NS_1790221655758,1790221655.759609,RAMRAT.NS,BUY,OPEN,11,559.75,,OPEN,,,,,N/A,0.0,"Morning Executor: gap +0.90% (0.19x ATR, NORMAL band); No company-specific news available. | 20 macro headline(s), bias 0.06 — not a blocker."
trade_1790221728394,1790221728.394419,STEELXIND.NS,BUY,CLOSE,1141,11.210000038146973,12.03,CLOSED,935.6199564743034,7.3148970478377775,7.3148970478377775,0.0,BULL,71.65,"Healthy risk/reward profile.; Risk engine flagged this symbol as unsafe (grade: D, total_risk: 45/100). Plain weighted score exceeded the safety threshold (RiskManager.MAX_TOTAL_RISK=35). Raw components (0-100 each): atr=95 gap=75 overnight=10 news=10 liquidity=20 volatility=30 portfolio=45 sector=10 correlation=18 capital=25.; Risk engine flagged this symbol as unsafe (grade: D, total_risk: 45/100). Plain weighted score exceeded the safety threshold (RiskManager.MAX_TOTAL_RISK=35). Raw components (0-100 each): atr=95 gap=75 overnight=10 news=10 liquidity=20 volatility=30 portfolio=45 sector=10 correlation=18 capital=25."
trade_1790221730265,1790221730.2658777,FIVESTAR.NS,BUY,CLOSE,22,524.5,526.65,CLOSED,47.2999999999995,0.40991420400380885,0.9342230695900814,0.0,SIDEWAYS,53.56,"Below preferred risk/reward profile.; Risk engine flagged this symbol as unsafe (grade: D, total_risk: 40/100). Plain weighted score exceeded the safety threshold (RiskManager.MAX_TOTAL_RISK=35). Raw components (0-100 each): atr=70 gap=75 overnight=10 news=10 liquidity=20 volatility=30 portfolio=45 sector=25 correlation=18 capital=25.; Risk engine flagged this symbol as unsafe (grade: D, total_risk: 40/100). Plain weighted score exceeded the safety threshold (RiskManager.MAX_TOTAL_RISK=35). Raw components (0-100 each): atr=70 gap=75 overnight=10 news=10 liquidity=20 volatility=30 portfolio=45 sector=25 correlation=18 capital=25."
trade_1790221733135,1790221733.1355715,ICIL.NS,BUY,CLOSE,16,474.5,468.95,CLOSED,-88.80000000000018,-1.1696522655426789,0.0,1.1696522655426789,BULL,73.19,"Below preferred risk/reward profile.; Risk engine flagged this symbol as unsafe (grade: C, total_risk: 38/100). Plain weighted score exceeded the safety threshold (RiskManager.MAX_TOTAL_RISK=35). Raw components (0-100 each): atr=70 gap=75 overnight=10 news=10 liquidity=20 volatility=30 portfolio=45 sector=10 correlation=18 capital=10.; Risk engine flagged this symbol as unsafe (grade: C, total_risk: 38/100). Plain weighted score exceeded the safety threshold (RiskManager.MAX_TOTAL_RISK=35). Raw components (0-100 each): atr=70 gap=75 overnight=10 news=10 liquidity=20 volatility=30 portfolio=45 sector=10 correlation=18 capital=10."
trade_1790221734423,1790221734.4239304,LTF.NS,BUY,CLOSE,9,311.0,283.0,CLOSED,-252.0,-9.003215434083602,0.25723472668810654,9.003215434083602,SIDEWAYS,53.67,"Below preferred risk/reward profile.; Risk engine flagged this symbol as unsafe (grade: C, total_risk: 39/100). Plain weighted score exceeded the safety threshold (RiskManager.MAX_TOTAL_RISK=35). Raw components (0-100 each): atr=70 gap=75 overnight=10 news=10 liquidity=20 volatility=30 portfolio=45 sector=10 correlation=18 capital=10.; Trend reversal detected.; Active stop-loss triggered.; Risk engine flagged this symbol as unsafe (grade: C, total_risk: 39/100). Plain weighted score exceeded the safety threshold (RiskManager.MAX_TOTAL_RISK=35). Raw components (0-100 each): atr=70 gap=75 overnight=10 news=10 liquidity=20 volatility=30 portfolio=45 sector=10 correlation=18 capital=10."
trade_1790221737600,1790221737.6003816,SYRMA.NS,BUY,CLOSE,2,1750.300048828125,1702.0,CLOSED,-108.80019531249991,-2.759529650956888,0.0,2.759529650956888,BULL,63.0,"Below preferred risk/reward profile.; Risk engine flagged this symbol as unsafe (grade: C, total_risk: 38/100). Plain weighted score exceeded the safety threshold (RiskManager.MAX_TOTAL_RISK=35). Raw components (0-100 each): atr=70 gap=75 overnight=10 news=10 liquidity=20 volatility=38 portfolio=45 sector=10 correlation=18 capital=10.; Risk engine flagged this symbol as unsafe (grade: C, total_risk: 38/100). Plain weighted score exceeded the safety threshold (RiskManager.MAX_TOTAL_RISK=35). Raw components (0-100 each): atr=70 gap=75 overnight=10 news=10 liquidity=20 volatility=38 portfolio=45 sector=10 correlation=18 capital=10."
trade_1790221740741,1790221740.74135,SOLARA.NS,BUY,CLOSE,9,744.5499877929688,740.65,CLOSED,-35.099890136718955,-0.5238046950385837,0.04029443448392008,0.5238046950385837,BULL,71.19,"Below preferred risk/reward profile.; Risk engine flagged this symbol as unsafe (grade: C, total_risk: 38/100). Plain weighted score exceeded the safety threshold (RiskManager.MAX_TOTAL_RISK=35). Raw components (0-100 each): atr=70 gap=75 overnight=10 news=10 liquidity=20 volatility=38 portfolio=45 sector=10 correlation=18 capital=10.; Risk engine flagged this symbol as unsafe (grade: C, total_risk: 38/100). Plain weighted score exceeded the safety threshold (RiskManager.MAX_TOTAL_RISK=35). Raw components (0-100 each): atr=70 gap=75 overnight=10 news=10 liquidity=20 volatility=38 portfolio=45 sector=10 correlation=18 capital=10."
trade_1790221746045,1790221746.0450618,RKFORGE.NS,BUY,CLOSE,4,725.0,705.05,CLOSED,-79.80000000000018,-2.7517241379310406,0.26896551724138557,2.7517241379310406,BULL,54.98,"Below preferred risk/reward profile.; Risk engine flagged this symbol as unsafe (grade: C, total_risk: 38/100). Plain weighted score exceeded the safety threshold (RiskManager.MAX_TOTAL_RISK=35). Raw components (0-100 each): atr=70 gap=75 overnight=10 news=10 liquidity=20 volatility=30 portfolio=45 sector=10 correlation=18 capital=10.; Risk engine flagged this symbol as unsafe (grade: C, total_risk: 38/100). Plain weighted score exceeded the safety threshold (RiskManager.MAX_TOTAL_RISK=35). Raw components (0-100 each): atr=70 gap=75 overnight=10 news=10 liquidity=20 volatility=30 portfolio=45 sector=10 correlation=18 capital=10."
trade_1790221752926,1790221752.9269257,DEVYANI.NS,BUY,CLOSE,25,143.88999938964844,138.43,CLOSED,-136.49998474121077,-3.7945648848485765,0.0,3.7945648848485765,BULL,52.07,"Below preferred risk/reward profile.; Risk engine flagged this symbol as unsafe (grade: C, total_risk: 38/100). Plain weighted score exceeded the safety threshold (RiskManager.MAX_TOTAL_RISK=35). Raw components (0-100 each): atr=70 gap=75 overnight=10 news=10 liquidity=20 volatility=30 portfolio=45 sector=10 correlation=18 capital=10.; Risk engine flagged this symbol as unsafe (grade: C, total_risk: 38/100). Plain weighted score exceeded the safety threshold (RiskManager.MAX_TOTAL_RISK=35). Raw components (0-100 each): atr=70 gap=75 overnight=10 news=10 liquidity=20 volatility=30 portfolio=45 sector=10 correlation=18 capital=10."
trade_1790221753795,1790221753.7955112,LXCHEM.NS,BUY,CLOSE,12,178.5,185.46,CLOSED,83.5200000000001,3.8991596638655506,3.8991596638655506,0.0,BULL,66.8,"Below preferred risk/reward profile.; Risk engine flagged this symbol as unsafe (grade: C, total_risk: 38/100). Plain weighted score exceeded the safety threshold (RiskManager.MAX_TOTAL_RISK=35). Raw components (0-100 each): atr=70 gap=75 overnight=10 news=10 liquidity=20 volatility=30 portfolio=45 sector=10 correlation=18 capital=10.; Risk engine flagged this symbol as unsafe (grade: C, total_risk: 38/100). Plain weighted score exceeded the safety threshold (RiskManager.MAX_TOTAL_RISK=35). Raw components (0-100 each): atr=70 gap=75 overnight=10 news=10 liquidity=20 volatility=30 portfolio=45 sector=10 correlation=18 capital=10."
trade_1790221754732,1790221754.7325022,NORTHARC.NS,BUY,CLOSE,38,317.70001220703125,304.25,CLOSED,-511.1004638671875,-4.233557346628763,0.0,4.233557346628763,BULL,63.38,"Below preferred risk/reward profile.; Risk engine flagged this symbol as unsafe (grade: C, total_risk: 38/100). Plain weighted score exceeded the safety threshold (RiskManager.MAX_TOTAL_RISK=35). Raw components (0-100 each): atr=70 gap=75 overnight=10 news=10 liquidity=20 volatility=30 portfolio=45 sector=10 correlation=18 capital=10.; Risk engine flagged this symbol as unsafe (grade: C, total_risk: 38/100). Plain weighted score exceeded the safety threshold (RiskManager.MAX_TOTAL_RISK=35). Raw components (0-100 each): atr=70 gap=75 overnight=10 news=10 liquidity=20 volatility=30 portfolio=45 sector=10 correlation=18 capital=10."
trade_1790221755739,1790221755.7398155,IRISDOREME.NS,BUY,PARTIAL_CLOSE,56,66.19999694824219,65.93,OPEN,-15.119829101562118,-0.40785039378970833,0.0,0.40785039378970833,BULL,72.79,Below preferred risk/reward profile.; High market volatility.; High market volatility.
trade_1790221756662,1790221756.6622555,NOCIL.NS,BUY,PARTIAL_CLOSE,16,184.1999969482422,204.91,OPEN,331.36004882812495,11.243215740973683,9.35396489534103,0.38002006505943514,BULL,74.81,Break-even stop activated.; Partial profit target reached.; Excellent risk/reward profile.; High market volatility.; Partial target achieved.
trade_1790221763476,1790221763.47672,ARFIN.NS,BUY,CLOSE,91,89.30000305175781,90.98,CLOSED,152.8797222900394,1.8812955104474904,1.8812955104474904,0.0,BULL,65.78,"Below preferred risk/reward profile.; Risk engine flagged this symbol as unsafe (grade: C, total_risk: 38/100). Plain weighted score exceeded the safety threshold (RiskManager.MAX_TOTAL_RISK=35). Raw components (0-100 each): atr=70 gap=75 overnight=10 news=10 liquidity=20 volatility=30 portfolio=45 sector=10 correlation=18 capital=10.; Risk engine flagged this symbol as unsafe (grade: C, total_risk: 38/100). Plain weighted score exceeded the safety threshold (RiskManager.MAX_TOTAL_RISK=35). Raw components (0-100 each): atr=70 gap=75 overnight=10 news=10 liquidity=20 volatility=30 portfolio=45 sector=10 correlation=18 capital=10."
trade_1790221764567,1790221764.5672455,KOTAKBANK.NS,BUY,CLOSE,22,413.6000061035156,406.3,CLOSED,-160.6001342773435,-1.7649917784789808,0.9671164984178653,1.7649917784789808,BULL,58.27,"Below preferred risk/reward profile.; Risk engine flagged this symbol as unsafe (grade: REJECT, total_risk: 100/100). ValidationEngine rejected this HELD position during monitoring (upstream of RiskManager, which then forces an all-100 REJECT with no per-factor breakdown): 'Circuit breaker active.'. Raw components (0-100 each): atr=100 gap=100 overnight=100 news=100 liquidity=100 volatility=100 portfolio=100 sector=100 correlation=100 capital=100.; Risk engine flagged this symbol as unsafe (grade: REJECT, total_risk: 100/100). ValidationEngine rejected this HELD position during monitoring (upstream of RiskManager, which then forces an all-100 REJECT with no per-factor breakdown): 'Circuit breaker active.'. Raw components (0-100 each): atr=100 gap=100 overnight=100 news=100 liquidity=100 volatility=100 portfolio=100 sector=100 correlation=100 capital=100."
trade_1790221773277,1790221773.2776604,DCBBANK.NS,BUY,CLOSE,35,229.0,210.75,CLOSED,-638.75,-7.969432314410481,0.0,7.969432314410481,BULL,60.31,"Below preferred risk/reward profile.; Risk engine flagged this symbol as unsafe (grade: C, total_risk: 38/100). Plain weighted score exceeded the safety threshold (RiskManager.MAX_TOTAL_RISK=35). Raw components (0-100 each): atr=70 gap=75 overnight=10 news=10 liquidity=20 volatility=30 portfolio=45 sector=10 correlation=18 capital=10.; Active stop-loss triggered.; Risk engine flagged this symbol as unsafe (grade: C, total_risk: 38/100). Plain weighted score exceeded the safety threshold (RiskManager.MAX_TOTAL_RISK=35). Raw components (0-100 each): atr=70 gap=75 overnight=10 news=10 liquidity=20 volatility=30 portfolio=45 sector=10 correlation=18 capital=10."
trade_1790221775160,1790221775.160589,EDELWEISS.NS,BUY,CLOSE,77,142.1999969482422,140.65,CLOSED,-119.349765014648,-1.0900119419878385,0.0,1.0900119419878385,BULL,75.8,"Below preferred risk/reward profile.; Risk engine flagged this symbol as unsafe (grade: C, total_risk: 38/100). Plain weighted score exceeded the safety threshold (RiskManager.MAX_TOTAL_RISK=35). Raw components (0-100 each): atr=70 gap=75 overnight=10 news=10 liquidity=20 volatility=30 portfolio=45 sector=10 correlation=18 capital=10.; Risk engine flagged this symbol as unsafe (grade: C, total_risk: 38/100). Plain weighted score exceeded the safety threshold (RiskManager.MAX_TOTAL_RISK=35). Raw components (0-100 each): atr=70 gap=75 overnight=10 news=10 liquidity=20 volatility=30 portfolio=45 sector=10 correlation=18 capital=10."
trade_1790221776105,1790221776.1059172,PCBL.NS,BUY,CLOSE,19,346.54998779296875,340.05,CLOSED,-123.49976806640603,-1.8756277656693712,0.43284151200933774,1.8756277656693712,BULL,61.24,"Below preferred risk/reward profile.; Risk engine flagged this symbol as unsafe (grade: C, total_risk: 38/100). Plain weighted score exceeded the safety threshold (RiskManager.MAX_TOTAL_RISK=35). Raw components (0-100 each): atr=70 gap=75 overnight=10 news=10 liquidity=20 volatility=30 portfolio=45 sector=10 correlation=18 capital=10.; Risk engine flagged this symbol as unsafe (grade: C, total_risk: 38/100). Plain weighted score exceeded the safety threshold (RiskManager.MAX_TOTAL_RISK=35). Raw components (0-100 each): atr=70 gap=75 overnight=10 news=10 liquidity=20 volatility=30 portfolio=45 sector=10 correlation=18 capital=10."
trade_1790221777043,1790221777.0439663,JSWINFRA.NS,BUY,PARTIAL_CLOSE,2,339.25,368.6,OPEN,120.20000000000005,8.65143699336773,8.327192336035372,4.215180545320563,BULL,67.74,Break-even stop activated.; Partial profit target reached.; Excellent risk/reward profile.; Partial target achieved.
trade_1790221780002,1790221780.0025227,PFOCUS.NS,BUY,CLOSE,21,329.0,331.65,CLOSED,55.64999999999952,0.8054711246200539,0.8054711246200539,0.0,BULL,62.89,"Below preferred risk/reward profile.; Risk engine flagged this symbol as unsafe (grade: C, total_risk: 38/100). Plain weighted score exceeded the safety threshold (RiskManager.MAX_TOTAL_RISK=35). Raw components (0-100 each): atr=70 gap=75 overnight=10 news=10 liquidity=20 volatility=38 portfolio=45 sector=10 correlation=18 capital=10.; Risk engine flagged this symbol as unsafe (grade: C, total_risk: 38/100). Plain weighted score exceeded the safety threshold (RiskManager.MAX_TOTAL_RISK=35). Raw components (0-100 each): atr=70 gap=75 overnight=10 news=10 liquidity=20 volatility=38 portfolio=45 sector=10 correlation=18 capital=10."
paper_STEELXIND_NS_1790308011758,1790308011.7603524,STEELXIND.NS,BUY,OPEN,1085,11.550000190734863,,OPEN,,,,,N/A,0.0,"Morning Executor: gap -1.62% (0.32x ATR, NORMAL band); No NEW company-specific overnight news since last night's scan. | 20 macro headline(s), bias 0.06 — not a blocker."
paper_NORTHARC_NS_1790308013782,1790308013.784368,NORTHARC.NS,BUY,OPEN,39,303.0,,OPEN,,,,,N/A,0.0,"Morning Executor: gap -3.38% (0.93x ATR, NORMAL band); No NEW company-specific overnight news since last night's scan. | 20 macro headline(s), bias 0.06 — not a blocker."
paper_FIVESTAR_NS_1790308015677,1790308015.8104212,FIVESTAR.NS,BUY,OPEN,21,526.8499755859375,,OPEN,,,,,N/A,0.0,"Morning Executor: gap -2.15% (0.65x ATR, NORMAL band); No NEW company-specific overnight news since last night's scan. | 20 macro headline(s), bias 0.06 — not a blocker."
paper_EDELWEISS_NS_1790308017563,1790308017.5804548,EDELWEISS.NS,BUY,OPEN,77,138.60000610351562,,OPEN,,,,,N/A,0.0,"Morning Executor: gap +1.72% (0.40x ATR, NORMAL band); No NEW company-specific overnight news since last night's scan. | 20 macro headline(s), bias 0.06 — not a blocker."
paper_ICIL_NS_1790308028409,1790308028.4117112,ICIL.NS,BUY,OPEN,22,453.79998779296875,,OPEN,,,,,N/A,0.0,"Morning Executor: gap +1.44% (0.30x ATR, NORMAL band); No NEW company-specific overnight news since last night's scan. | 20 macro headline(s), bias 0.06 — not a blocker."
paper_DEVYANI_NS_1790308032544,1790308032.5523024,DEVYANI.NS,BUY,OPEN,70,137.5,,OPEN,,,,,N/A,0.0,"Morning Executor: gap -2.22% (0.73x ATR, NORMAL band); No NEW company-specific overnight news since last night's scan. | 20 macro headline(s), bias 0.06 — not a blocker."
paper_ARFIN_NS_1790308034641,1790308034.644328,ARFIN.NS,BUY,OPEN,102,89.9000015258789,,OPEN,,,,,N/A,0.0,"Morning Executor: gap +0.31% (0.07x ATR, NORMAL band); No company-specific news available. | 20 macro headline(s), bias 0.06 — not a blocker."
paper_SYRMA_NS_1790308037319,1790308037.3217168,SYRMA.NS,BUY,OPEN,5,1703.0,,OPEN,,,,,N/A,0.0,"Morning Executor: gap -1.50% (0.36x ATR, NORMAL band); No NEW company-specific overnight news since last night's scan. | 20 macro headline(s), bias 0.06 — not a blocker."
paper_SOLARA_NS_1790308039437,1790308039.4397357,SOLARA.NS,BUY,OPEN,11,734.5499877929688,,OPEN,,,,,N/A,0.0,"Morning Executor: gap -1.01% (0.21x ATR, NORMAL band); No NEW company-specific overnight news since last night's scan. | 20 macro headline(s), bias 0.06 — not a blocker."
paper_PCBL_NS_1790308041458,1790308041.4612155,PCBL.NS,BUY,OPEN,23,339.3999938964844,,OPEN,,,,,N/A,0.0,"Morning Executor: gap +0.80% (0.25x ATR, NORMAL band); No NEW company-specific overnight news since last night's scan. | 20 macro headline(s), bias 0.06 — not a blocker."
paper_LXCHEM_NS_1790308048003,1790308048.0053945,LXCHEM.NS,BUY,OPEN,41,180.7899932861328,,OPEN,,,,,N/A,0.0,"Morning Executor: gap +1.43% (0.35x ATR, NORMAL band); No company-specific news available. | 20 macro headline(s), bias 0.06 — not a blocker."
trade_1790308112048,1790308112.0489914,DIACABS.NS,BUY,CLOSE,17,371.79998779296875,362.05,CLOSED,-165.74979248046856,-2.6223744252508885,0.0,2.6223744252508885,BULL,57.95,"Below preferred risk/reward profile.; Risk engine flagged this symbol as unsafe (grade: C, total_risk: 37/100). Plain weighted score exceeded the safety threshold (RiskManager.MAX_TOTAL_RISK=35). Raw components (0-100 each): atr=70 gap=75 overnight=10 news=10 liquidity=20 volatility=38 portfolio=35 sector=10 correlation=20 capital=25.; Risk engine flagged this symbol as unsafe (grade: C, total_risk: 37/100). Plain weighted score exceeded the safety threshold (RiskManager.MAX_TOTAL_RISK=35). Raw components (0-100 each): atr=70 gap=75 overnight=10 news=10 liquidity=20 volatility=38 portfolio=35 sector=10 correlation=20 capital=25."
trade_1790308113233,1790308113.2334976,PCBL.NS,BUY,CLOSE,23,339.3999938964844,337.0,CLOSED,-55.199859619140625,-0.7071284442086241,0.0,0.7071284442086241,BULL,63.5,"Below preferred risk/reward profile.; Risk engine flagged this symbol as unsafe (grade: C, total_risk: 39/100). Plain weighted score exceeded the safety threshold (RiskManager.MAX_TOTAL_RISK=35). Raw components (0-100 each): atr=70 gap=75 overnight=10 news=10 liquidity=20 volatility=30 portfolio=45 sector=10 correlation=20 capital=25.; Risk engine flagged this symbol as unsafe (grade: C, total_risk: 39/100). Plain weighted score exceeded the safety threshold (RiskManager.MAX_TOTAL_RISK=35). Raw components (0-100 each): atr=70 gap=75 overnight=10 news=10 liquidity=20 volatility=30 portfolio=45 sector=10 correlation=20 capital=25."
trade_1790308115493,1790308115.4938533,JSWINFRA.NS,BUY,CLOSE,1,339.25,364.45,CLOSED,145.40000000000003,7.428150331613851,8.327192336035372,4.215180545320563,BULL,66.17,Break-even stop activated.; Partial profit target reached.; Excellent risk/reward profile.; Partial target achieved.
trade_1790308134288,1790308134.2883463,SHYAMMETL.NS,BUY,CLOSE,4,1105.199951171875,1094.3,CLOSED,-43.59980468750018,-0.9862424586897165,1.3391286176254429,0.9862424586897165,BULL,70.42,"Below preferred risk/reward profile.; Risk engine flagged this symbol as unsafe (grade: REJECT, total_risk: 100/100). ValidationEngine rejected this HELD position during monitoring (upstream of RiskManager, which then forces an all-100 REJECT with no per-factor breakdown): 'Average trading volume is too low.'. Raw components (0-100 each): atr=100 gap=100 overnight=100 news=100 liquidity=100 volatility=100 portfolio=100 sector=100 correlation=100 capital=100.; Risk engine flagged this symbol as unsafe (grade: REJECT, total_risk: 100/100). ValidationEngine rejected this HELD position during monitoring (upstream of RiskManager, which then forces an all-100 REJECT with no per-factor breakdown): 'Average trading volume is too low.'. Raw components (0-100 each): atr=100 gap=100 overnight=100 news=100 liquidity=100 volatility=100 portfolio=100 sector=100 correlation=100 capital=100."
trade_1790308141160,1790308141.1601012,ARFIN.NS,BUY,CLOSE,102,89.9000015258789,89.02,CLOSED,-89.76015563964884,-0.9788670866992033,0.0,0.9788670866992033,BULL,58.97,"Below preferred risk/reward profile.; Risk engine flagged this symbol as unsafe (grade: C, total_risk: 38/100). Plain weighted score exceeded the safety threshold (RiskManager.MAX_TOTAL_RISK=35). Raw components (0-100 each): atr=70 gap=75 overnight=10 news=10 liquidity=20 volatility=30 portfolio=45 sector=10 correlation=20 capital=10.; Risk engine flagged this symbol as unsafe (grade: C, total_risk: 38/100). Plain weighted score exceeded the safety threshold (RiskManager.MAX_TOTAL_RISK=35). Raw components (0-100 each): atr=70 gap=75 overnight=10 news=10 liquidity=20 volatility=30 portfolio=45 sector=10 correlation=20 capital=10."
trade_1790308142489,1790308142.4899712,SOLARA.NS,BUY,CLOSE,11,734.5499877929688,739.95,CLOSED,59.40013427734425,0.7351456397482476,0.7351456397482476,0.0,BULL,69.06,"Below preferred risk/reward profile.; Risk engine flagged this symbol as unsafe (grade: C, total_risk: 38/100). Plain weighted score exceeded the safety threshold (RiskManager.MAX_TOTAL_RISK=35). Raw components (0-100 each): atr=70 gap=75 overnight=10 news=10 liquidity=20 volatility=38 portfolio=45 sector=10 correlation=20 capital=10.; Risk engine flagged this symbol as unsafe (grade: C, total_risk: 38/100). Plain weighted score exceeded the safety threshold (RiskManager.MAX_TOTAL_RISK=35). Raw components (0-100 each): atr=70 gap=75 overnight=10 news=10 liquidity=20 volatility=38 portfolio=45 sector=10 correlation=20 capital=10."
trade_1790308144843,1790308144.84334,STEELXIND.NS,BUY,CLOSE,1085,11.550000190734863,11.44,CLOSED,-119.3502069473272,-0.9523825880375597,0.0,0.9523825880375597,BULL,57.11,"Below preferred risk/reward profile.; High market volatility.; Risk engine flagged this symbol as unsafe (grade: D, total_risk: 44/100). Plain weighted score exceeded the safety threshold (RiskManager.MAX_TOTAL_RISK=35). Raw components (0-100 each): atr=95 gap=75 overnight=10 news=10 liquidity=20 volatility=70 portfolio=45 sector=10 correlation=20 capital=10.; Risk engine flagged this symbol as unsafe (grade: D, total_risk: 44/100). Plain weighted score exceeded the safety threshold (RiskManager.MAX_TOTAL_RISK=35). Raw components (0-100 each): atr=95 gap=75 overnight=10 news=10 liquidity=20 volatility=70 portfolio=45 sector=10 correlation=20 capital=10."
trade_1790308147209,1790308147.2092571,WELCORP.NS,BUY,CLOSE,3,2740.5,2802.3,CLOSED,185.40000000000055,2.255062944718124,2.255062944718124,0.0,BULL,69.48,"Below preferred risk/reward profile.; Risk engine flagged this symbol as unsafe (grade: C, total_risk: 38/100). Plain weighted score exceeded the safety threshold (RiskManager.MAX_TOTAL_RISK=35). Raw components (0-100 each): atr=70 gap=75 overnight=10 news=10 liquidity=20 volatility=30 portfolio=45 sector=10 correlation=20 capital=10.; Risk engine flagged this symbol as unsafe (grade: C, total_risk: 38/100). Plain weighted score exceeded the safety threshold (RiskManager.MAX_TOTAL_RISK=35). Raw components (0-100 each): atr=70 gap=75 overnight=10 news=10 liquidity=20 volatility=30 portfolio=45 sector=10 correlation=20 capital=10."
trade_1790308149554,1790308149.5544164,BLACKBUCK.NS,BUY,CLOSE,8,635.0,590.55,CLOSED,-355.60000000000036,-7.000000000000008,0.8582677165354402,7.000000000000008,BULL,52.19,"Below preferred risk/reward profile.; Risk engine flagged this symbol as unsafe (grade: C, total_risk: 38/100). Plain weighted score exceeded the safety threshold (RiskManager.MAX_TOTAL_RISK=35). Raw components (0-100 each): atr=70 gap=75 overnight=10 news=10 liquidity=20 volatility=30 portfolio=45 sector=10 correlation=20 capital=10.; Active stop-loss triggered.; Risk engine flagged this symbol as unsafe (grade: C, total_risk: 38/100). Plain weighted score exceeded the safety threshold (RiskManager.MAX_TOTAL_RISK=35). Raw components (0-100 each): atr=70 gap=75 overnight=10 news=10 liquidity=20 volatility=30 portfolio=45 sector=10 correlation=20 capital=10."
trade_1790308153469,1790308153.4695482,RAMRAT.NS,BUY,CLOSE,11,559.75,554.45,CLOSED,-58.2999999999995,-0.9468512728896747,0.0,0.9468512728896747,BULL,60.18,"Below preferred risk/reward profile.; Risk engine flagged this symbol as unsafe (grade: C, total_risk: 38/100). Plain weighted score exceeded the safety threshold (RiskManager.MAX_TOTAL_RISK=35). Raw components (0-100 each): atr=70 gap=75 overnight=10 news=10 liquidity=20 volatility=30 portfolio=45 sector=10 correlation=20 capital=10.; Risk engine flagged this symbol as unsafe (grade: C, total_risk: 38/100). Plain weighted score exceeded the safety threshold (RiskManager.MAX_TOTAL_RISK=35). Raw components (0-100 each): atr=70 gap=75 overnight=10 news=10 liquidity=20 volatility=30 portfolio=45 sector=10 correlation=20 capital=10."
trade_1790308156224,1790308156.2242205,NOCIL.NS,BUY,PARTIAL_CLOSE,8,184.1999969482422,190.89,OPEN,384.88007324218734,3.6319235410397983,9.35396489534103,0.38002006505943514,BULL,73.36,Excellent risk/reward profile.; High market volatility.; High market volatility.
trade_1790308164983,1790308164.9836686,SOUTHBANK.NS,BUY,PARTIAL_CLOSE,38,45.88999938964844,50.23,OPEN,164.92002319335927,9.457399581771508,8.760079895007285,0.5883621556755669,BULL,73.65,Break-even stop activated.; Partial profit target reached.; Excellent risk/reward profile.; Partial target achieved.
trade_1790308169674,1790308169.6745872,SAMBHV.NS,BUY,CLOSE,52,157.0,152.08,CLOSED,-255.83999999999935,-3.1337579617834317,0.0,3.1337579617834317,BULL,70.04,"Below preferred risk/reward profile.; High market volatility.; Risk engine flagged this symbol as unsafe (grade: D, total_risk: 41/100). Plain weighted score exceeded the safety threshold (RiskManager.MAX_TOTAL_RISK=35). Raw components (0-100 each): atr=70 gap=75 overnight=10 news=10 liquidity=20 volatility=85 portfolio=45 sector=10 correlation=20 capital=10.; Risk engine flagged this symbol as unsafe (grade: D, total_risk: 41/100). Plain weighted score exceeded the safety threshold (RiskManager.MAX_TOTAL_RISK=35). Raw components (0-100 each): atr=70 gap=75 overnight=10 news=10 liquidity=20 volatility=85 portfolio=45 sector=10 correlation=20 capital=10."
trade_1790308170942,1790308170.9425013,SUZLON.NS,SELL,PARTIAL_CLOSE,58,43.13999938964844,40.57,OPEN,149.05996459960937,5.957346838222524,5.493739970281785,1.8312485431817718,BEAR,53.03,Break-even stop activated.; Partial profit target reached.; Excellent risk/reward profile.; Partial target achieved.
trade_1790308174357,1790308174.357038,JKPAPER.NS,BUY,CLOSE,21,417.3999938964844,408.85,CLOSED,-179.5498718261714,-2.0483933927906954,0.14374846964286903,2.0483933927906954,BULL,53.32,"Below preferred risk/reward profile.; Risk engine flagged this symbol as unsafe (grade: C, total_risk: 38/100). Plain weighted score exceeded the safety threshold (RiskManager.MAX_TOTAL_RISK=35). Raw components (0-100 each): atr=70 gap=75 overnight=10 news=10 liquidity=20 volatility=30 portfolio=45 sector=10 correlation=20 capital=10.; Risk engine flagged this symbol as unsafe (grade: C, total_risk: 38/100). Plain weighted score exceeded the safety threshold (RiskManager.MAX_TOTAL_RISK=35). Raw components (0-100 each): atr=70 gap=75 overnight=10 news=10 liquidity=20 volatility=30 portfolio=45 sector=10 correlation=20 capital=10."
trade_1790308176670,1790308176.6707366,MCX.NS,BUY,PARTIAL_CLOSE,2,3269.0,3478.7,OPEN,419.39999999999964,6.414805750994182,5.509330070357905,0.0,BULL,69.38,Break-even stop activated.; Partial profit target reached.; Excellent risk/reward profile.; Partial target achieved.
paper_STEELXIND_NS_1790567205595,1790567205.596404,STEELXIND.NS,BUY,OPEN,1063,11.289999961853027,,OPEN,,,,,N/A,0.0,"Morning Executor: gap -3.83% (0.76x ATR, NORMAL band); No NEW company-specific overnight news since last night's scan. | 20 macro headline(s), bias 0.06 — not a blocker."
paper_WELCORP_NS_1790567212054,1790567212.0555604,WELCORP.NS,BUY,OPEN,4,2830.0,,OPEN,,,,,N/A,0.0,"Morning Executor: gap +6.39% (1.34x ATR, WARNING band); No NEW company-specific overnight news since last night's scan. | 20 macro headline(s), bias 0.06 — not a blocker."
paper_BLACKBUCK_NS_1790567213537,1790567213.5391304,BLACKBUCK.NS,BUY,OPEN,18,599.9500122070312,,OPEN,,,,,N/A,0.0,"Morning Executor: gap -5.13% (1.46x ATR, WARNING band); No NEW company-specific overnight news since last night's scan. | 20 macro headline(s), bias 0.06 — not a blocker."
paper_SHYAMMETL_NS_1790567214988,1790567214.9896817,SHYAMMETL.NS,BUY,OPEN,9,1085.0,,OPEN,,,,,N/A,0.0,"Morning Executor: gap -1.36% (0.48x ATR, NORMAL band); No NEW company-specific overnight news since last night's scan. | 20 macro headline(s), bias 0.06 — not a blocker."
paper_JKPAPER_NS_1790567219515,1790567219.517237,JKPAPER.NS,BUY,OPEN,24,408.0,,OPEN,,,,,N/A,0.0,"Morning Executor: gap -5.25% (1.52x ATR, WARNING band); No NEW company-specific overnight news since last night's scan. | 20 macro headline(s), bias 0.06 — not a blocker."
paper_ARFIN_NS_1790567227758,1790567227.8352299,ARFIN.NS,BUY,OPEN,104,89.41999816894531,,OPEN,,,,,N/A,0.0,"Morning Executor: gap -0.22% (0.05x ATR, NORMAL band); No company-specific news available. | 20 macro headline(s), bias 0.06 — not a blocker."
paper_SOLARA_NS_1790567231028,1790567231.0294158,SOLARA.NS,BUY,OPEN,11,741.7000122070312,,OPEN,,,,,N/A,0.0,"Morning Executor: gap -0.05% (0.01x ATR, NORMAL band); No NEW company-specific overnight news since last night's scan. | 20 macro headline(s), bias 0.06 — not a blocker."
paper_PCBL_NS_1790567232494,1790567232.4957495,PCBL.NS,BUY,OPEN,25,338.1499938964844,,OPEN,,,,,N/A,0.0,"Morning Executor: gap +0.43% (0.13x ATR, NORMAL band); No NEW company-specific overnight news since last night's scan. | 20 macro headline(s), bias 0.06 — not a blocker."
paper_DIACABS_NS_1790567233958,1790567233.9599595,DIACABS.NS,BUY,OPEN,22,353.0,,OPEN,,,,,N/A,0.0,"Morning Executor: gap -3.76% (0.77x ATR, NORMAL band); No company-specific news available. | 20 macro headline(s), bias 0.06 — not a blocker."
paper_RAMRAT_NS_1790567235749,1790567235.751131,RAMRAT.NS,BUY,OPEN,13,577.4000244140625,,OPEN,,,,,N/A,0.0,"Morning Executor: gap +4.08% (0.87x ATR, NORMAL band); No company-specific news available. | 20 macro headline(s), bias 0.06 — not a blocker."
trade_1790567295618,1790567295.6188307,BHARTIARTL.NS,SELL,CLOSE,1,1846.199951171875,1765.2,CLOSED,80.99995117187495,4.387387786488688,4.1003116224667036,0.2220804320530097,BEAR,53.29,Break-even stop activated.; Partial profit target reached.; Excellent risk/reward profile.; Partial target achieved.
trade_1790567299280,1790567299.2808905,STEELXIND.NS,BUY,CLOSE,1063,11.289999961853027,11.17,CLOSED,-127.55995944976814,-1.0628871767802188,0.0,1.0628871767802188,SIDEWAYS,46.92,"Below preferred risk/reward profile.; Risk engine flagged this symbol as unsafe (grade: D, total_risk: 40/100). Plain weighted score exceeded the safety threshold (RiskManager.MAX_TOTAL_RISK=35). Raw components (0-100 each): atr=95 gap=10 overnight=10 news=10 liquidity=20 volatility=30 portfolio=45 sector=10 correlation=22 capital=25.; Risk engine flagged this symbol as unsafe (grade: D, total_risk: 40/100). Plain weighted score exceeded the safety threshold (RiskManager.MAX_TOTAL_RISK=35). Raw components (0-100 each): atr=95 gap=10 overnight=10 news=10 liquidity=20 volatility=30 portfolio=45 sector=10 correlation=22 capital=25."
trade_1790567303000,1790567303.0005598,IRISDOREME.NS,BUY,CLOSE,55,66.19999694824219,66.3,CLOSED,-9.619661254882587,0.15106201868256286,0.15106201868256286,0.7250709522199367,BULL,73.1,"Below preferred risk/reward profile.; Risk engine flagged this symbol as unsafe (grade: C, total_risk: 38/100). Plain weighted score exceeded the safety threshold (RiskManager.MAX_TOTAL_RISK=35). Raw components (0-100 each): atr=70 gap=75 overnight=10 news=10 liquidity=20 volatility=30 portfolio=45 sector=10 correlation=22 capital=10.; Risk engine flagged this symbol as unsafe (grade: C, total_risk: 38/100). Plain weighted score exceeded the safety threshold (RiskManager.MAX_TOTAL_RISK=35). Raw components (0-100 each): atr=70 gap=75 overnight=10 news=10 liquidity=20 volatility=30 portfolio=45 sector=10 correlation=22 capital=10."
trade_1790567305859,1790567305.8592927,ZYDUSLIFE.NS,BUY,PARTIAL_CLOSE,2,1155.0,1215.6,OPEN,121.19999999999982,5.246753246753239,4.190476190476199,0.0,BULL,65.26,Break-even stop activated.; Partial profit target reached.; Excellent risk/reward profile.; Partial target achieved.
trade_1790567310187,1790567310.187916,INDGN.NS,BUY,CLOSE,2,603.0499877929688,607.95,CLOSED,9.800024414062591,0.812538314603781,0.812538314603781,1.6831088630173945,BULL,69.84,"Below preferred risk/reward profile.; Risk engine flagged this symbol as unsafe (grade: REJECT, total_risk: 100/100). ValidationEngine rejected this HELD position during monitoring (upstream of RiskManager, which then forces an all-100 REJECT with no per-factor breakdown): 'Average trading volume is too low.'. Raw components (0-100 each): atr=100 gap=100 overnight=100 news=100 liquidity=100 volatility=100 portfolio=100 sector=100 correlation=100 capital=100.; Risk engine flagged this symbol as unsafe (grade: REJECT, total_risk: 100/100). ValidationEngine rejected this HELD position during monitoring (upstream of RiskManager, which then forces an all-100 REJECT with no per-factor breakdown): 'Average trading volume is too low.'. Raw components (0-100 each): atr=100 gap=100 overnight=100 news=100 liquidity=100 volatility=100 portfolio=100 sector=100 correlation=100 capital=100."
trade_1790567314634,1790567314.6343014,SBC.NS,BUY,CLOSE,99,47.650001525878906,54.64,CLOSED,692.0098489379883,14.66946117582976,14.66946117582976,0.0,BULL,59.47,Break-even stop activated.; Partial profit target reached.; Final profit target reached.; Healthy risk/reward profile.; Final target achieved.; Profit protection activated.
trade_1790567315526,1790567315.5260124,SUZLON.NS,SELL,PARTIAL_CLOSE,28,43.13999938964844,40.39,OPEN,226.0599475097656,6.374593019369182,6.16596992879586,1.8312485431817718,BEAR,52.87,Break-even stop activated.; Partial profit target reached.; Excellent risk/reward profile.; Partial target achieved.
trade_1790567316471,1790567316.471131,TMPV.NS,SELL,PARTIAL_CLOSE,10,303.79998779296875,288.25,OPEN,155.4998779296875,5.118495200060915,4.591832901084662,0.0,BEAR,56.0,Break-even stop activated.; Partial profit target reached.; Excellent risk/reward profile.; Partial target achieved.
trade_1790567317318,1790567317.318137,SHYAMMETL.NS,BUY,CLOSE,9,1085.0,1079.6,CLOSED,-48.60000000000082,-0.4976958525345706,0.0,0.4976958525345706,BULL,57.99,"Below preferred risk/reward profile.; Risk engine flagged this symbol as unsafe (grade: REJECT, total_risk: 100/100). ValidationEngine rejected this HELD position during monitoring (upstream of RiskManager, which then forces an all-100 REJECT with no per-factor breakdown): 'Average trading volume is too low.'. Raw components (0-100 each): atr=100 gap=100 overnight=100 news=100 liquidity=100 volatility=100 portfolio=100 sector=100 correlation=100 capital=100.; Risk engine flagged this symbol as unsafe (grade: REJECT, total_risk: 100/100). ValidationEngine rejected this HELD position during monitoring (upstream of RiskManager, which then forces an all-100 REJECT with no per-factor breakdown): 'Average trading volume is too low.'. Raw components (0-100 each): atr=100 gap=100 overnight=100 news=100 liquidity=100 volatility=100 portfolio=100 sector=100 correlation=100 capital=100."
trade_1790567320001,1790567320.001206,RBLBANK.NS,BUY,CLOSE,26,409.0,409.3,CLOSED,7.800000000000296,0.07334963325183652,3.618581907090467,1.5403422982885113,BULL,51.04,"Healthy risk/reward profile.; Risk engine flagged this symbol as unsafe (grade: REJECT, total_risk: 100/100). ValidationEngine rejected this HELD position during monitoring (upstream of RiskManager, which then forces an all-100 REJECT with no per-factor breakdown): 'Circuit breaker active.'. Raw components (0-100 each): atr=100 gap=100 overnight=100 news=100 liquidity=100 volatility=100 portfolio=100 sector=100 correlation=100 capital=100.; Risk engine flagged this symbol as unsafe (grade: REJECT, total_risk: 100/100). ValidationEngine rejected this HELD position during monitoring (upstream of RiskManager, which then forces an all-100 REJECT with no per-factor breakdown): 'Circuit breaker active.'. Raw components (0-100 each): atr=100 gap=100 overnight=100 news=100 liquidity=100 volatility=100 portfolio=100 sector=100 correlation=100 capital=100."
trade_1790567327382,1790567327.382735,EDELWEISS.NS,BUY,CLOSE,77,138.60000610351562,137.26,CLOSED,-103.18046997070383,-0.9668153279263416,0.050500644590222056,0.9668153279263416,BULL,74.78,"Below preferred risk/reward profile.; Risk engine flagged this symbol as unsafe (grade: C, total_risk: 38/100). Plain weighted score exceeded the safety threshold (RiskManager.MAX_TOTAL_RISK=35). Raw components (0-100 each): atr=70 gap=75 overnight=10 news=10 liquidity=20 volatility=30 portfolio=45 sector=10 correlation=22 capital=10.; Risk engine flagged this symbol as unsafe (grade: C, total_risk: 38/100). Plain weighted score exceeded the safety threshold (RiskManager.MAX_TOTAL_RISK=35). Raw components (0-100 each): atr=70 gap=75 overnight=10 news=10 liquidity=20 volatility=30 portfolio=45 sector=10 correlation=22 capital=10."
trade_1790567328333,1790567328.3330567,CGCL.NS,BUY,CLOSE,16,269.5,250.1,CLOSED,-310.4000000000001,-7.198515769944344,0.0,7.10575139146568,BULL,56.59,Below preferred risk/reward profile.; Active stop-loss triggered.; Stop-loss triggered.
trade_1790567332069,1790567332.069071,SOUTHBANK.NS,BUY,PARTIAL_CLOSE,19,45.88999938964844,50.19,OPEN,246.62003479003891,9.370234620925984,8.760079895007285,0.5883621556755669,BULL,73.35,Break-even stop activated.; Partial profit target reached.; Excellent risk/reward profile.; Partial target achieved.
trade_1790567338282,1790567338.2828813,RAMRAT.NS,BUY,CLOSE,13,577.4000244140625,560.7,CLOSED,-217.1003173828119,-2.8922798247210686,0.0,2.8922798247210686,BULL,66.3,"Below preferred risk/reward profile.; Risk engine flagged this symbol as unsafe (grade: REJECT, total_risk: 100/100). ValidationEngine rejected this HELD position during monitoring (upstream of RiskManager, which then forces an all-100 REJECT with no per-factor breakdown): 'Average trading volume is too low.'. Raw components (0-100 each): atr=100 gap=100 overnight=100 news=100 liquidity=100 volatility=100 portfolio=100 sector=100 correlation=100 capital=100.; Risk engine flagged this symbol as unsafe (grade: REJECT, total_risk: 100/100). ValidationEngine rejected this HELD position during monitoring (upstream of RiskManager, which then forces an all-100 REJECT with no per-factor breakdown): 'Average trading volume is too low.'. Raw components (0-100 each): atr=100 gap=100 overnight=100 news=100 liquidity=100 volatility=100 portfolio=100 sector=100 correlation=100 capital=100."
trade_1790567340216,1790567340.2169466,NOCIL.NS,BUY,PARTIAL_CLOSE,4,184.1999969482422,184.49,OPEN,386.0400854492186,0.15743922723261972,9.35396489534103,0.38002006505943514,BULL,53.98,Excellent risk/reward profile.; High market volatility.; High market volatility.
paper_SAMBHV_NS_1790653615054,1790653615.0583265,SAMBHV.NS,BUY,OPEN,71,154.0,,OPEN,,,,,N/A,0.0,"Morning Executor: gap +4.36% (1.05x ATR, WARNING band); No company-specific news available. | 20 macro headline(s), bias 0.06 — not a blocker."
paper_STEELXIND_NS_1790653617447,1790653617.450328,STEELXIND.NS,BUY,OPEN,935,11.109999656677246,,OPEN,,,,,N/A,0.0,"Morning Executor: gap -5.37% (1.07x ATR, WARNING band); No NEW company-specific overnight news since last night's scan. | 20 macro headline(s), bias 0.06 — not a blocker."
paper_EDELWEISS_NS_1790653621557,1790653621.55899,EDELWEISS.NS,BUY,OPEN,73,135.0,,OPEN,,,,,N/A,0.0,"Morning Executor: gap -0.92% (0.21x ATR, NORMAL band); No NEW company-specific overnight news since last night's scan. | 20 macro headline(s), bias 0.06 — not a blocker."
paper_SHYAMMETL_NS_1790653627459,1790653627.4620101,SHYAMMETL.NS,BUY,OPEN,8,1064.0,,OPEN,,,,,N/A,0.0,"Morning Executor: gap -3.27% (1.15x ATR, WARNING band); No NEW company-specific overnight news since last night's scan. | 20 macro headline(s), bias 0.06 — not a blocker."
paper_IRISDOREME_NS_1790653634945,1790653634.9472585,IRISDOREME.NS,BUY,OPEN,142,63.0,,OPEN,,,,,N/A,0.0,"Morning Executor: gap -2.45% (0.54x ATR, NORMAL band); No NEW company-specific overnight news since last night's scan. | 20 macro headline(s), bias 0.06 — not a blocker."
paper_RAMRAT_NS_1790653646689,1790653646.692187,RAMRAT.NS,BUY,OPEN,14,568.2000122070312,,OPEN,,,,,N/A,0.0,"Morning Executor: gap +2.42% (0.51x ATR, NORMAL band); No company-specific news available. | 20 macro headline(s), bias 0.06 — not a blocker."
trade_1790653713600,1790653713.6000495,HINDUNILVR.NS,SELL,PARTIAL_CLOSE,1,1973.0,1889.5,OPEN,83.5,4.232133806386214,4.080081094779524,0.0,BEAR,52.68,Break-even stop activated.; Partial profit target reached.; Excellent risk/reward profile.; Partial target achieved.
trade_1790653714766,1790653714.7665586,ICIL.NS,BUY,CLOSE,22,453.79998779296875,445.4,CLOSED,-184.799731445313,-1.8510330583792325,0.0,2.3358281353248196,BULL,60.95,"Below preferred risk/reward profile.; Risk engine flagged this symbol as unsafe (grade: C, total_risk: 38/100). Plain weighted score exceeded the safety threshold (RiskManager.MAX_TOTAL_RISK=35). Raw components (0-100 each): atr=70 gap=75 overnight=10 news=10 liquidity=20 volatility=30 portfolio=45 sector=10 correlation=25 capital=10.; Risk engine flagged this symbol as unsafe (grade: C, total_risk: 38/100). Plain weighted score exceeded the safety threshold (RiskManager.MAX_TOTAL_RISK=35). Raw components (0-100 each): atr=70 gap=75 overnight=10 news=10 liquidity=20 volatility=30 portfolio=45 sector=10 correlation=25 capital=10."
trade_1790653716098,1790653716.0986989,WELCORP.NS,BUY,CLOSE,4,2830.0,2740.3,CLOSED,-358.7999999999993,-3.1696113074204884,0.021201413427558623,3.1696113074204884,BULL,63.36,"Below preferred risk/reward profile.; Risk engine flagged this symbol as unsafe (grade: C, total_risk: 38/100). Plain weighted score exceeded the safety threshold (RiskManager.MAX_TOTAL_RISK=35). Raw components (0-100 each): atr=70 gap=75 overnight=10 news=10 liquidity=20 volatility=30 portfolio=45 sector=25 correlation=25 capital=10.; Risk engine flagged this symbol as unsafe (grade: C, total_risk: 38/100). Plain weighted score exceeded the safety threshold (RiskManager.MAX_TOTAL_RISK=35). Raw components (0-100 each): atr=70 gap=75 overnight=10 news=10 liquidity=20 volatility=30 portfolio=45 sector=25 correlation=25 capital=10."
trade_1790653720935,1790653720.9354174,SUZLON.NS,SELL,CLOSE,29,43.13999938964844,39.17,CLOSED,341.18992980957023,9.202594913807644,8.252200834529152,1.8312485431817718,BEAR,52.86,Break-even stop activated.; Partial profit target reached.; Final profit target reached.; Excellent risk/reward profile.; Final target achieved.
trade_1790653722022,1790653722.022704,ARFIN.NS,BUY,CLOSE,104,89.41999816894531,88.63,CLOSED,-82.15980957031297,-0.8834692296154347,0.0,0.8834692296154347,BULL,56.59,"Below preferred risk/reward profile.; Risk engine flagged this symbol as unsafe (grade: C, total_risk: 38/100). Plain weighted score exceeded the safety threshold (RiskManager.MAX_TOTAL_RISK=35). Raw components (0-100 each): atr=70 gap=75 overnight=10 news=10 liquidity=20 volatility=30 portfolio=45 sector=10 correlation=25 capital=10.; Risk engine flagged this symbol as unsafe (grade: C, total_risk: 38/100). Plain weighted score exceeded the safety threshold (RiskManager.MAX_TOTAL_RISK=35). Raw components (0-100 each): atr=70 gap=75 overnight=10 news=10 liquidity=20 volatility=30 portfolio=45 sector=10 correlation=25 capital=10."
trade_1790653724391,1790653724.3919475,FINCABLES.NS,BUY,CLOSE,8,1399.0,1413.3,CLOSED,114.39999999999964,1.0221586847748358,5.646890636168692,0.0,BULL,75.99,"Healthy risk/reward profile.; Risk engine flagged this symbol as unsafe (grade: C, total_risk: 38/100). Plain weighted score exceeded the safety threshold (RiskManager.MAX_TOTAL_RISK=35). Raw components (0-100 each): atr=70 gap=75 overnight=10 news=10 liquidity=20 volatility=38 portfolio=45 sector=10 correlation=25 capital=10.; Risk engine flagged this symbol as unsafe (grade: C, total_risk: 38/100). Plain weighted score exceeded the safety threshold (RiskManager.MAX_TOTAL_RISK=35). Raw components (0-100 each): atr=70 gap=75 overnight=10 news=10 liquidity=20 volatility=38 portfolio=45 sector=10 correlation=25 capital=10."
trade_1790653725622,1790653725.6229296,SHYAMMETL.NS,BUY,CLOSE,8,1064.0,1065.3,CLOSED,10.399999999999636,0.12218045112781528,0.12218045112781528,0.0,BULL,56.54,"Below preferred risk/reward profile.; Risk engine flagged this symbol as unsafe (grade: REJECT, total_risk: 100/100). ValidationEngine rejected this HELD position during monitoring (upstream of RiskManager, which then forces an all-100 REJECT with no per-factor breakdown): 'Average trading volume is too low.'. Raw components (0-100 each): atr=100 gap=100 overnight=100 news=100 liquidity=100 volatility=100 portfolio=100 sector=100 correlation=100 capital=100.; Risk engine flagged this symbol as unsafe (grade: REJECT, total_risk: 100/100). ValidationEngine rejected this HELD position during monitoring (upstream of RiskManager, which then forces an all-100 REJECT with no per-factor breakdown): 'Average trading volume is too low.'. Raw components (0-100 each): atr=100 gap=100 overnight=100 news=100 liquidity=100 volatility=100 portfolio=100 sector=100 correlation=100 capital=100."
trade_1790653733360,1790653733.3607929,UNOMINDA.NS,BUY,CLOSE,2,1259.9000244140625,1166.2,CLOSED,-187.4000488281249,-7.437099976058752,0.0,6.992620264059042,SIDEWAYS,47.24,Below preferred risk/reward profile.; Active stop-loss triggered.; Stop-loss triggered.
trade_1790653734234,1790653734.2348568,DIACABS.NS,BUY,CLOSE,22,353.0,337.9,CLOSED,-332.2000000000005,-4.2776203966005735,0.0,4.2776203966005735,BULL,53.5,"Below preferred risk/reward profile.; Risk engine flagged this symbol as unsafe (grade: D, total_risk: 44/100). Plain weighted score exceeded the safety threshold (RiskManager.MAX_TOTAL_RISK=35). Raw components (0-100 each): atr=95 gap=75 overnight=10 news=10 liquidity=20 volatility=38 portfolio=45 sector=10 correlation=25 capital=10.; Risk engine flagged this symbol as unsafe (grade: D, total_risk: 44/100). Plain weighted score exceeded the safety threshold (RiskManager.MAX_TOTAL_RISK=35). Raw components (0-100 each): atr=95 gap=75 overnight=10 news=10 liquidity=20 volatility=38 portfolio=45 sector=10 correlation=25 capital=10."
trade_1790653737751,1790653737.7518327,ZYDUSLIFE.NS,BUY,PARTIAL_CLOSE,2,1155.0,1232.0,OPEN,275.1999999999998,6.666666666666667,6.415584415584408,0.0,BULL,61.0,Break-even stop activated.; Partial profit target reached.; Excellent risk/reward profile.; Partial target achieved.
trade_1790653742431,1790653742.4315298,SAGILITY.NS,BUY,CLOSE,181,45.93000030517578,43.01,CLOSED,-528.5200552368168,-6.357501166501697,0.37012778945064184,5.943828188627595,SIDEWAYS,53.02,Below preferred risk/reward profile.; Active stop-loss triggered.; Stop-loss triggered.
trade_1790653744051,1790653744.051791,TMPV.NS,SELL,CLOSE,11,303.79998779296875,276.1,CLOSED,460.1997436523435,9.117837032911766,9.052004245539738,0.0,BEAR,52.09,Break-even stop activated.; Partial profit target reached.; Final profit target reached.; Excellent risk/reward profile.; Final target achieved.
trade_1790653745280,1790653745.2804546,ATHERENERG.NS,BUY,CLOSE,3,1544.0,1435.5,CLOSED,-325.5,-7.02720207253886,0.0,7.02720207253886,SIDEWAYS,49.95,"Below preferred risk/reward profile.; Risk engine flagged this symbol as unsafe (grade: C, total_risk: 39/100). Plain weighted score exceeded the safety threshold (RiskManager.MAX_TOTAL_RISK=35). Raw components (0-100 each): atr=70 gap=75 overnight=10 news=10 liquidity=20 volatility=30 portfolio=45 sector=10 correlation=25 capital=10.; Risk engine flagged this symbol as unsafe (grade: C, total_risk: 39/100). Plain weighted score exceeded the safety threshold (RiskManager.MAX_TOTAL_RISK=35). Raw components (0-100 each): atr=70 gap=75 overnight=10 news=10 liquidity=20 volatility=30 portfolio=45 sector=10 correlation=25 capital=10."
trade_1790653748853,1790653748.853788,CGPOWER.NS,BUY,CLOSE,3,903.0,864.55,CLOSED,-115.35000000000014,-4.258028792912519,2.2425249169435215,4.258028792912519,SIDEWAYS,48.23,Below preferred risk/reward profile.; Trend reversal detected.; Trend reversal confirmed.
trade_1790653752522,1790653752.522145,STEELXIND.NS,BUY,CLOSE,935,11.109999656677246,11.19,CLOSED,74.80032100677444,0.7200751196663829,0.7200751196663829,0.0,SIDEWAYS,46.99,"Below preferred risk/reward profile.; Risk engine flagged this symbol as unsafe (grade: D, total_risk: 44/100). Plain weighted score exceeded the safety threshold (RiskManager.MAX_TOTAL_RISK=35). Raw components (0-100 each): atr=95 gap=75 overnight=10 news=10 liquidity=20 volatility=30 portfolio=35 sector=10 correlation=25 capital=10.; Risk engine flagged this symbol as unsafe (grade: D, total_risk: 44/100). Plain weighted score exceeded the safety threshold (RiskManager.MAX_TOTAL_RISK=35). Raw components (0-100 each): atr=95 gap=75 overnight=10 news=10 liquidity=20 volatility=30 portfolio=35 sector=10 correlation=25 capital=10."
trade_1790653754801,1790653754.8013554,LXCHEM.NS,BUY,CLOSE,41,180.7899932861328,177.7,CLOSED,-126.68972473144578,-1.7091616797852032,0.0,1.7091616797852032,BULL,61.54,"Below preferred risk/reward profile.; Risk engine flagged this symbol as unsafe (grade: C, total_risk: 36/100). Plain weighted score exceeded the safety threshold (RiskManager.MAX_TOTAL_RISK=35). Raw components (0-100 each): atr=70 gap=75 overnight=10 news=10 liquidity=20 volatility=30 portfolio=35 sector=10 correlation=25 capital=10.; Risk engine flagged this symbol as unsafe (grade: C, total_risk: 36/100). Plain weighted score exceeded the safety threshold (RiskManager.MAX_TOTAL_RISK=35). Raw components (0-100 each): atr=70 gap=75 overnight=10 news=10 liquidity=20 volatility=30 portfolio=35 sector=10 correlation=25 capital=10."
trade_1790653756561,1790653756.5614405,EDELWEISS.NS,BUY,CLOSE,73,135.0,135.19,CLOSED,13.869999999999834,0.14074074074073906,0.14074074074073906,0.0,BULL,59.91,"Below preferred risk/reward profile.; Risk engine flagged this symbol as unsafe (grade: C, total_risk: 36/100). Plain weighted score exceeded the safety threshold (RiskManager.MAX_TOTAL_RISK=35). Raw components (0-100 each): atr=70 gap=75 overnight=10 news=10 liquidity=20 volatility=30 portfolio=35 sector=10 correlation=25 capital=10.; Risk engine flagged this symbol as unsafe (grade: C, total_risk: 36/100). Plain weighted score exceeded the safety threshold (RiskManager.MAX_TOTAL_RISK=35). Raw components (0-100 each): atr=70 gap=75 overnight=10 news=10 liquidity=20 volatility=30 portfolio=35 sector=10 correlation=25 capital=10."
trade_1790653763146,1790653763.1464236,RAMRAT.NS,BUY,CLOSE,14,568.2000122070312,568.45,CLOSED,3.4998291015631366,0.043996442731104535,0.043996442731104535,0.0,BULL,66.27,"Below preferred risk/reward profile.; Risk engine flagged this symbol as unsafe (grade: REJECT, total_risk: 100/100). ValidationEngine rejected this HELD position during monitoring (upstream of RiskManager, which then forces an all-100 REJECT with no per-factor breakdown): 'Average trading volume is too low.'. Raw components (0-100 each): atr=100 gap=100 overnight=100 news=100 liquidity=100 volatility=100 portfolio=100 sector=100 correlation=100 capital=100.; Risk engine flagged this symbol as unsafe (grade: REJECT, total_risk: 100/100). ValidationEngine rejected this HELD position during monitoring (upstream of RiskManager, which then forces an all-100 REJECT with no per-factor breakdown): 'Average trading volume is too low.'. Raw components (0-100 each): atr=100 gap=100 overnight=100 news=100 liquidity=100 volatility=100 portfolio=100 sector=100 correlation=100 capital=100."
trade_1790653765627,1790653765.6275778,NOCIL.NS,BUY,CLOSE,5,184.1999969482422,169.94,CLOSED,314.7401007080077,-7.7415837049384235,9.35396489534103,7.7415837049384235,SIDEWAYS,45.27,"Excellent risk/reward profile.; High market volatility.; Risk engine flagged this symbol as unsafe (grade: D, total_risk: 44/100). Plain weighted score exceeded the safety threshold (RiskManager.MAX_TOTAL_RISK=35). Raw components (0-100 each): atr=95 gap=75 overnight=10 news=10 liquidity=20 volatility=78 portfolio=35 sector=10 correlation=25 capital=10.; Active stop-loss triggered.; Risk engine flagged this symbol as unsafe (grade: D, total_risk: 44/100). Plain weighted score exceeded the safety threshold (RiskManager.MAX_TOTAL_RISK=35). Raw components (0-100 each): atr=95 gap=75 overnight=10 news=10 liquidity=20 volatility=78 portfolio=35 sector=10 correlation=25 capital=10."
trade_1790653766817,1790653766.817471,IRISDOREME.NS,BUY,CLOSE,142,63.0,62.79,CLOSED,-29.82000000000012,-0.3333333333333347,0.0,0.3333333333333347,BULL,62.33,"Below preferred risk/reward profile.; Risk engine flagged this symbol as unsafe (grade: C, total_risk: 36/100). Plain weighted score exceeded the safety threshold (RiskManager.MAX_TOTAL_RISK=35). Raw components (0-100 each): atr=70 gap=75 overnight=10 news=10 liquidity=20 volatility=30 portfolio=35 sector=10 correlation=25 capital=10.; Risk engine flagged this symbol as unsafe (grade: C, total_risk: 36/100). Plain weighted score exceeded the safety threshold (RiskManager.MAX_TOTAL_RISK=35). Raw components (0-100 each): atr=70 gap=75 overnight=10 news=10 liquidity=20 volatility=30 portfolio=35 sector=10 correlation=25 capital=10."
trade_1790653769600,1790653769.600343,SOUTHBANK.NS,BUY,PARTIAL_CLOSE,10,45.88999938964844,48.94,OPEN,277.1200408935545,6.64632959450324,8.760079895007285,0.5883621556755669,BULL,73.83,Break-even stop activated.; Partial profit target reached.; Excellent risk/reward profile.; Partial target achieved.
trade_1790653773587,1790653773.5877857,RELIGARE.NS,BUY,CLOSE,28,247.25,232.41,CLOSED,-415.5200000000001,-6.002022244691609,1.9898887765419566,4.833164812942361,SIDEWAYS,46.48,Below preferred risk/reward profile.; Trend reversal detected.; Active stop-loss triggered.; Stop-loss triggered.
trade_1790653775829,1790653775.8297431,SAMBHV.NS,BUY,PARTIAL_CLOSE,36,154.0,154.19,OPEN,6.839999999999918,0.12337662337662189,0.12337662337662189,0.0,BULL,75.8,Below preferred risk/reward profile.; High market volatility.; High market volatility.
paper_STEELXIND_NS_1790740018714,1790740018.7163215,STEELXIND.NS,BUY,OPEN,1344,11.199999809265137,,OPEN,,,,,N/A,0.0,"Morning Executor: gap -4.60% (0.92x ATR, NORMAL band); No company-specific news available. | 20 macro headline(s), bias 0.06 — not a blocker."
paper_EDELWEISS_NS_1790740020864,1790740020.8659387,EDELWEISS.NS,BUY,OPEN,103,137.6999969482422,,OPEN,,,,,N/A,0.0,"Morning Executor: gap +1.06% (0.25x ATR, NORMAL band); No company-specific news available. | 20 macro headline(s), bias 0.06 — not a blocker."
paper_WELCORP_NS_1790740022889,1790740022.8911116,WELCORP.NS,BUY,OPEN,4,2802.0,,OPEN,,,,,N/A,0.0,"Morning Executor: gap +5.33% (1.12x ATR, WARNING band); No company-specific news available. | 20 macro headline(s), bias 0.06 — not a blocker."
paper_SHYAMMETL_NS_1790740026475,1790740026.4772985,SHYAMMETL.NS,BUY,OPEN,12,1076.9000244140625,,OPEN,,,,,N/A,0.0,"Morning Executor: gap -2.10% (0.74x ATR, NORMAL band); No company-specific news available. | 20 macro headline(s), bias 0.06 — not a blocker."
paper_ICIL_NS_1790740032467,1790740032.4703429,ICIL.NS,BUY,OPEN,28,437.0,,OPEN,,,,,N/A,0.0,"Morning Executor: gap -2.31% (0.48x ATR, NORMAL band); No company-specific news available. | 20 macro headline(s), bias 0.06 — not a blocker."
paper_IRISDOREME_NS_1790740034229,1790740034.2311816,IRISDOREME.NS,BUY,OPEN,187,62.79999923706055,,OPEN,,,,,N/A,0.0,"Morning Executor: gap -2.76% (0.61x ATR, NORMAL band); No company-specific news available. | 20 macro headline(s), bias 0.06 — not a blocker."
paper_ARFIN_NS_1790740036436,1790740036.438152,ARFIN.NS,BUY,OPEN,127,88.05000305175781,,OPEN,,,,,N/A,0.0,"Morning Executor: gap -1.75% (0.39x ATR, NORMAL band); No company-specific news available. | 20 macro headline(s), bias 0.06 — not a blocker."
paper_DIACABS_NS_1790740044645,1790740044.647264,DIACABS.NS,BUY,OPEN,30,349.5,,OPEN,,,,,N/A,0.0,"Morning Executor: gap -4.72% (0.97x ATR, NORMAL band); No company-specific news available. | 20 macro headline(s), bias 0.06 — not a blocker."
paper_RAMRAT_NS_1790740046389,1790740046.3907845,RAMRAT.NS,BUY,OPEN,17,589.7000122070312,,OPEN,,,,,N/A,0.0,"Morning Executor: gap +6.30% (1.34x ATR, WARNING band); No company-specific news available. | 20 macro headline(s), bias 0.06 — not a blocker."
paper_LXCHEM_NS_1790740048788,1790740048.7902265,LXCHEM.NS,BUY,OPEN,54,176.0,,OPEN,,,,,N/A,0.0,"Morning Executor: gap -1.26% (0.31x ATR, NORMAL band); No company-specific news available. | 20 macro headline(s), bias 0.06 — not a blocker."
trade_1790740116089,1790740116.089158,SOLARA.NS,BUY,CLOSE,11,741.7000122070312,747.2,CLOSED,60.49986572265675,0.7415380480583813,1.8403650489840686,1.853850880508433,BULL,71.05,"Below preferred risk/reward profile.; Risk engine flagged this symbol as unsafe (grade: C, total_risk: 36/100). Plain weighted score exceeded the safety threshold (RiskManager.MAX_TOTAL_RISK=35). Raw components (0-100 each): atr=70 gap=75 overnight=10 news=10 liquidity=20 volatility=30 portfolio=35 sector=10 correlation=23 capital=10.; Risk engine flagged this symbol as unsafe (grade: C, total_risk: 36/100). Plain weighted score exceeded the safety threshold (RiskManager.MAX_TOTAL_RISK=35). Raw components (0-100 each): atr=70 gap=75 overnight=10 news=10 liquidity=20 volatility=30 portfolio=35 sector=10 correlation=23 capital=10."
trade_1790740119952,1790740119.9520724,SOUTHBANK.NS,BUY,PARTIAL_CLOSE,4,45.88999938964844,49.0,OPEN,289.56004333496077,6.777077035771536,8.760079895007285,0.5883621556755669,BULL,69.5,Break-even stop activated.; Partial profit target reached.; Excellent risk/reward profile.; Partial target achieved.
trade_1790740123521,1790740123.5213046,DIACABS.NS,BUY,CLOSE,30,349.5,349.0,CLOSED,-15.0,-0.14306151645207438,0.0,0.14306151645207438,BULL,53.61,"Below preferred risk/reward profile.; Risk engine flagged this symbol as unsafe (grade: C, total_risk: 38/100). Plain weighted score exceeded the safety threshold (RiskManager.MAX_TOTAL_RISK=35). Raw components (0-100 each): atr=70 gap=75 overnight=10 news=10 liquidity=20 volatility=38 portfolio=45 sector=10 correlation=23 capital=10.; Risk engine flagged this symbol as unsafe (grade: C, total_risk: 38/100). Plain weighted score exceeded the safety threshold (RiskManager.MAX_TOTAL_RISK=35). Raw components (0-100 each): atr=70 gap=75 overnight=10 news=10 liquidity=20 volatility=38 portfolio=45 sector=10 correlation=23 capital=10."
trade_1790740132852,1790740132.8528998,BEPL.NS,BUY,CLOSE,72,130.77999877929688,125.7,CLOSED,-365.7599121093748,-3.88438509459679,0.0,4.55727086322651,BULL,61.9,"Below preferred risk/reward profile.; Risk engine flagged this symbol as unsafe (grade: C, total_risk: 38/100). Plain weighted score exceeded the safety threshold (RiskManager.MAX_TOTAL_RISK=35). Raw components (0-100 each): atr=70 gap=75 overnight=10 news=10 liquidity=20 volatility=30 portfolio=45 sector=25 correlation=23 capital=10.; Risk engine flagged this symbol as unsafe (grade: C, total_risk: 38/100). Plain weighted score exceeded the safety threshold (RiskManager.MAX_TOTAL_RISK=35). Raw components (0-100 each): atr=70 gap=75 overnight=10 news=10 liquidity=20 volatility=30 portfolio=45 sector=25 correlation=23 capital=10."
trade_1790740134335,1790740134.3357725,HINDUNILVR.NS,SELL,CLOSE,1,1973.0,1871.4,CLOSED,185.0999999999999,5.149518499746574,4.718702483527618,0.0,BEAR,68.83,Break-even stop activated.; Partial profit target reached.; Excellent risk/reward profile.; Partial target achieved.
trade_1790740137023,1790740137.0231383,GLAND.NS,BUY,CLOSE,1,2827.89990234375,2995.0,CLOSED,527.30029296875,5.908982051230251,5.7958238734125835,0.0,BULL,66.1,Break-even stop activated.; Partial profit target reached.; Excellent risk/reward profile.; Partial target achieved.
trade_1790740139727,1790740139.727748,MCX.NS,BUY,CLOSE,1,3269.0,3281.7,CLOSED,432.09999999999945,0.3884980116243444,5.509330070357905,0.0,BULL,57.24,"Healthy risk/reward profile.; Risk engine flagged this symbol as unsafe (grade: C, total_risk: 38/100). Plain weighted score exceeded the safety threshold (RiskManager.MAX_TOTAL_RISK=35). Raw components (0-100 each): atr=70 gap=75 overnight=10 news=10 liquidity=20 volatility=30 portfolio=45 sector=10 correlation=23 capital=10.; Risk engine flagged this symbol as unsafe (grade: C, total_risk: 38/100). Plain weighted score exceeded the safety threshold (RiskManager.MAX_TOTAL_RISK=35). Raw components (0-100 each): atr=70 gap=75 overnight=10 news=10 liquidity=20 volatility=30 portfolio=45 sector=10 correlation=23 capital=10."
trade_1790740141029,1790740141.0293448,PNB.NS,BUY,CLOSE,12,116.41000366210938,111.8,CLOSED,-55.320043945312534,-3.9601439026583427,1.6321589881618244,3.2041951247901714,SIDEWAYS,51.35,Below preferred risk/reward profile.; Active stop-loss triggered.; Stop-loss triggered.
trade_1790740142447,1790740142.4470634,RAMRAT.NS,BUY,CLOSE,17,589.7000122070312,592.5,CLOSED,47.59979248046875,0.47481562404745775,0.47481562404745775,0.0,BULL,63.25,"Below preferred risk/reward profile.; Risk engine flagged this symbol as unsafe (grade: REJECT, total_risk: 100/100). ValidationEngine rejected this HELD position during monitoring (upstream of RiskManager, which then forces an all-100 REJECT with no per-factor breakdown): 'Average trading volume is too low.'. Raw components (0-100 each): atr=100 gap=100 overnight=100 news=100 liquidity=100 volatility=100 portfolio=100 sector=100 correlation=100 capital=100.; Risk engine flagged this symbol as unsafe (grade: REJECT, total_risk: 100/100). ValidationEngine rejected this HELD position during monitoring (upstream of RiskManager, which then forces an all-100 REJECT with no per-factor breakdown): 'Average trading volume is too low.'. Raw components (0-100 each): atr=100 gap=100 overnight=100 news=100 liquidity=100 volatility=100 portfolio=100 sector=100 correlation=100 capital=100."
trade_1790740145112,1790740145.1128073,GAIL.NS,BUY,CLOSE,52,175.08999633789062,171.88,CLOSED,-166.91980957031274,-1.8333407990345392,0.40550783994490086,2.7871360100283202,SIDEWAYS,49.27,Below preferred risk/reward profile.; Trend reversal detected.; Trend reversal confirmed.
trade_1790740149393,1790740149.3930597,WELCORP.NS,BUY,CLOSE,4,2802.0,2809.6,CLOSED,30.399999999999636,0.27123483226266626,0.27123483226266626,0.0,BULL,58.52,"Below preferred risk/reward profile.; Risk engine flagged this symbol as unsafe (grade: C, total_risk: 38/100). Plain weighted score exceeded the safety threshold (RiskManager.MAX_TOTAL_RISK=35). Raw components (0-100 each): atr=70 gap=75 overnight=10 news=10 liquidity=20 volatility=30 portfolio=45 sector=25 correlation=23 capital=10.; Risk engine flagged this symbol as unsafe (grade: C, total_risk: 38/100). Plain weighted score exceeded the safety threshold (RiskManager.MAX_TOTAL_RISK=35). Raw components (0-100 each): atr=70 gap=75 overnight=10 news=10 liquidity=20 volatility=30 portfolio=45 sector=25 correlation=23 capital=10."
trade_1790740152277,1790740152.2774014,ZYDUSLIFE.NS,BUY,CLOSE,1,1155.0,1208.1,CLOSED,328.2999999999997,4.597402597402589,6.415584415584408,0.0,BULL,66.22,Break-even stop activated.; Partial profit target reached.; Excellent risk/reward profile.; Partial target achieved.
trade_1790740156437,1790740156.4376028,NAZARA.NS,BUY,PARTIAL_CLOSE,7,370.20001220703125,399.0,OPEN,201.59991455078125,7.77957505221869,7.549969441205186,0.47272073185469854,BULL,46.48,Break-even stop activated.; Partial profit target reached.; Excellent risk/reward profile.; Partial target achieved.
trade_1790740157768,1790740157.7684405,STEELXIND.NS,BUY,CLOSE,1344,11.199999809265137,11.35,CLOSED,201.60025634765577,1.3392874400834909,1.3392874400834909,0.0,BULL,49.81,"Below preferred risk/reward profile.; Risk engine flagged this symbol as unsafe (grade: C, total_risk: 36/100). Plain weighted score exceeded the safety threshold (RiskManager.MAX_TOTAL_RISK=35). Raw components (0-100 each): atr=95 gap=10 overnight=10 news=10 liquidity=20 volatility=30 portfolio=35 sector=10 correlation=23 capital=10.; Risk engine flagged this symbol as unsafe (grade: C, total_risk: 36/100). Plain weighted score exceeded the safety threshold (RiskManager.MAX_TOTAL_RISK=35). Raw components (0-100 each): atr=95 gap=10 overnight=10 news=10 liquidity=20 volatility=30 portfolio=35 sector=10 correlation=23 capital=10."
trade_1790740168666,1790740168.6668088,SAMBHV.NS,BUY,PARTIAL_CLOSE,18,154.0,163.23,OPEN,172.97999999999973,5.993506493506487,5.993506493506487,0.0,BULL,74.07,Healthy risk/reward profile.; High market volatility.; High market volatility.
trade_1790740174129,1790740174.1298397,FIVESTAR.NS,BUY,CLOSE,21,526.8499755859375,507.0,CLOSED,-416.8494873046875,-3.767671349678113,0.0,3.767671349678113,SIDEWAYS,47.1,Below preferred risk/reward profile.; Trend reversal detected.; Trend reversal confirmed.
paper_STEELXIND_NS_1790826403237,1790826403.2390597,STEELXIND.NS,BUY,OPEN,1245,11.399999618530273,,OPEN,,,,,N/A,0.0,"Morning Executor: gap -2.90% (0.58x ATR, NORMAL band); No NEW company-specific overnight news since last night's scan. | 20 macro headline(s), bias 0.06 — not a blocker."
paper_FIVESTAR_NS_1790826404750,1790826404.7518194,FIVESTAR.NS,BUY,OPEN,26,513.5,,OPEN,,,,,N/A,0.0,"Morning Executor: gap -4.63% (1.40x ATR, WARNING band); No NEW company-specific overnight news since last night's scan. | 20 macro headline(s), bias 0.06 — not a blocker."
paper_WELCORP_NS_1790826408018,1790826408.0196693,WELCORP.NS,BUY,OPEN,4,2708.0,,OPEN,,,,,N/A,0.0,"Morning Executor: gap +1.80% (0.38x ATR, NORMAL band); No NEW company-specific overnight news since last night's scan. | 20 macro headline(s), bias 0.06 — not a blocker."
paper_MCX_NS_1790826412763,1790826412.7649872,MCX.NS,BUY,OPEN,3,3300.0,,OPEN,,,,,N/A,0.0,"Morning Executor: gap +1.23% (0.39x ATR, NORMAL band); No NEW company-specific overnight news since last night's scan. | 20 macro headline(s), bias 0.06 — not a blocker."
paper_BEPL_NS_1790826414244,1790826414.246031,BEPL.NS,BUY,OPEN,94,124.95999908447266,,OPEN,,,,,N/A,0.0,"Morning Executor: gap -3.09% (0.78x ATR, NORMAL band); No company-specific news available. | 20 macro headline(s), bias 0.06 — not a blocker."
paper_SOLARA_NS_1790826424135,1790826424.136654,SOLARA.NS,BUY,OPEN,15,726.0,,OPEN,,,,,N/A,0.0,"Morning Executor: gap -2.16% (0.46x ATR, NORMAL band); No NEW company-specific overnight news since last night's scan. | 20 macro headline(s), bias 0.06 — not a blocker."
paper_DIACABS_NS_1790826427191,1790826427.1923132,DIACABS.NS,BUY,OPEN,30,355.0,,OPEN,,,,,N/A,0.0,"Morning Executor: gap -3.22% (0.66x ATR, NORMAL band); No company-specific news available. | 20 macro headline(s), bias 0.06 — not a blocker."
paper_RAMRAT_NS_1790826428766,1790826428.7684987,RAMRAT.NS,BUY,OPEN,17,582.4000244140625,,OPEN,,,,,N/A,0.0,"Morning Executor: gap +4.98% (1.06x ATR, WARNING band); No company-specific news available. | 20 macro headline(s), bias 0.06 — not a blocker."
trade_1790826494388,1790826494.3886423,BLACKBUCK.NS,BUY,CLOSE,18,599.9500122070312,601.0,CLOSED,18.8997802734375,0.17501254631301172,4.0086652727110135,0.0,BULL,55.01,"Below preferred risk/reward profile.; Risk engine flagged this symbol as unsafe (grade: C, total_risk: 36/100). Plain weighted score exceeded the safety threshold (RiskManager.MAX_TOTAL_RISK=35). Raw components (0-100 each): atr=70 gap=75 overnight=10 news=10 liquidity=20 volatility=30 portfolio=35 sector=10 correlation=24 capital=10.; Risk engine flagged this symbol as unsafe (grade: C, total_risk: 36/100). Plain weighted score exceeded the safety threshold (RiskManager.MAX_TOTAL_RISK=35). Raw components (0-100 each): atr=70 gap=75 overnight=10 news=10 liquidity=20 volatility=30 portfolio=35 sector=10 correlation=24 capital=10."
trade_1790826499104,1790826499.10449,SHYAMMETL.NS,BUY,CLOSE,12,1076.9000244140625,1065.7,CLOSED,-134.40029296874945,-1.0400245296824417,0.0,1.0400245296824417,BULL,55.88,"Below preferred risk/reward profile.; Risk engine flagged this symbol as unsafe (grade: REJECT, total_risk: 100/100). ValidationEngine rejected this HELD position during monitoring (upstream of RiskManager, which then forces an all-100 REJECT with no per-factor breakdown): 'Average trading volume is too low.'. Raw components (0-100 each): atr=100 gap=100 overnight=100 news=100 liquidity=100 volatility=100 portfolio=100 sector=100 correlation=100 capital=100.; Risk engine flagged this symbol as unsafe (grade: REJECT, total_risk: 100/100). ValidationEngine rejected this HELD position during monitoring (upstream of RiskManager, which then forces an all-100 REJECT with no per-factor breakdown): 'Average trading volume is too low.'. Raw components (0-100 each): atr=100 gap=100 overnight=100 news=100 liquidity=100 volatility=100 portfolio=100 sector=100 correlation=100 capital=100."
trade_1790826501904,1790826501.904269,IRISDOREME.NS,BUY,CLOSE,187,62.79999923706055,62.48,CLOSED,-59.83985733032285,-0.5095529314460674,0.0,0.5732471997357933,BULL,60.93,"Below preferred risk/reward profile.; Risk engine flagged this symbol as unsafe (grade: C, total_risk: 38/100). Plain weighted score exceeded the safety threshold (RiskManager.MAX_TOTAL_RISK=35). Raw components (0-100 each): atr=70 gap=75 overnight=10 news=10 liquidity=20 volatility=30 portfolio=45 sector=10 correlation=24 capital=10.; Risk engine flagged this symbol as unsafe (grade: C, total_risk: 38/100). Plain weighted score exceeded the safety threshold (RiskManager.MAX_TOTAL_RISK=35). Raw components (0-100 each): atr=70 gap=75 overnight=10 news=10 liquidity=20 volatility=30 portfolio=45 sector=10 correlation=24 capital=10."
trade_1790826502904,1790826502.9044611,NAZARA.NS,BUY,PARTIAL_CLOSE,4,370.20001220703125,393.25,OPEN,293.79986572265625,6.226360624774436,7.549969441205186,0.47272073185469854,BULL,54.35,Break-even stop activated.; Partial profit target reached.; Excellent risk/reward profile.; Partial target achieved.
trade_1790826504792,1790826504.7922106,STEELXIND.NS,BUY,CLOSE,1245,11.399999618530273,11.31,CLOSED,-112.04952507018982,-0.7894703644023103,0.0,0.7894703644023103,SIDEWAYS,47.17,"Below preferred risk/reward profile.; Risk engine flagged this symbol as unsafe (grade: C, total_risk: 39/100). Plain weighted score exceeded the safety threshold (RiskManager.MAX_TOTAL_RISK=35). Raw components (0-100 each): atr=95 gap=10 overnight=10 news=10 liquidity=20 volatility=30 portfolio=45 sector=10 correlation=24 capital=10.; Risk engine flagged this symbol as unsafe (grade: C, total_risk: 39/100). Plain weighted score exceeded the safety threshold (RiskManager.MAX_TOTAL_RISK=35). Raw components (0-100 each): atr=95 gap=10 overnight=10 news=10 liquidity=20 volatility=30 portfolio=45 sector=10 correlation=24 capital=10."
trade_1790826507468,1790826507.4688914,FIVESTAR.NS,BUY,CLOSE,26,513.5,506.95,CLOSED,-170.3000000000003,-1.275559883154822,0.0,1.275559883154822,SIDEWAYS,47.24,Below preferred risk/reward profile.; Trend reversal detected.; Trend reversal confirmed.
trade_1790826508363,1790826508.3635302,DEVYANI.NS,BUY,CLOSE,70,137.5,127.37,CLOSED,-709.0999999999997,-7.367272727272724,0.0,6.792727272727276,SIDEWAYS,42.1,Below preferred risk/reward profile.; Active stop-loss triggered.; Stop-loss triggered.
trade_1790826511725,1790826511.725188,RAMRAT.NS,BUY,CLOSE,17,582.4000244140625,579.45,CLOSED,-50.15041503906173,-0.5065288960161699,0.0,0.5065288960161699,BULL,70.15,"Below preferred risk/reward profile.; Risk engine flagged this symbol as unsafe (grade: REJECT, total_risk: 100/100). ValidationEngine rejected this HELD position during monitoring (upstream of RiskManager, which then forces an all-100 REJECT with no per-factor breakdown): 'Average trading volume is too low.'. Raw components (0-100 each): atr=100 gap=100 overnight=100 news=100 liquidity=100 volatility=100 portfolio=100 sector=100 correlation=100 capital=100.; Risk engine flagged this symbol as unsafe (grade: REJECT, total_risk: 100/100). ValidationEngine rejected this HELD position during monitoring (upstream of RiskManager, which then forces an all-100 REJECT with no per-factor breakdown): 'Average trading volume is too low.'. Raw components (0-100 each): atr=100 gap=100 overnight=100 news=100 liquidity=100 volatility=100 portfolio=100 sector=100 correlation=100 capital=100."
trade_1790826514488,1790826514.4882946,WELCORP.NS,BUY,CLOSE,4,2708.0,2697.4,CLOSED,-42.399999999999636,-0.3914327917282094,0.0,0.3914327917282094,BULL,62.41,"Below preferred risk/reward profile.; Risk engine flagged this symbol as unsafe (grade: D, total_risk: 42/100). Plain weighted score exceeded the safety threshold (RiskManager.MAX_TOTAL_RISK=35). Raw components (0-100 each): atr=95 gap=75 overnight=10 news=10 liquidity=20 volatility=30 portfolio=35 sector=10 correlation=24 capital=10.; Risk engine flagged this symbol as unsafe (grade: D, total_risk: 42/100). Plain weighted score exceeded the safety threshold (RiskManager.MAX_TOTAL_RISK=35). Raw components (0-100 each): atr=95 gap=75 overnight=10 news=10 liquidity=20 volatility=30 portfolio=35 sector=10 correlation=24 capital=10."
trade_1790826522835,1790826522.8356066,SOLARA.NS,BUY,CLOSE,15,726.0,721.7,CLOSED,-64.49999999999932,-0.5922865013774042,0.0,0.5922865013774042,BULL,62.85,"Below preferred risk/reward profile.; Risk engine flagged this symbol as unsafe (grade: C, total_risk: 36/100). Plain weighted score exceeded the safety threshold (RiskManager.MAX_TOTAL_RISK=35). Raw components (0-100 each): atr=70 gap=75 overnight=10 news=10 liquidity=20 volatility=30 portfolio=35 sector=10 correlation=24 capital=10.; Risk engine flagged this symbol as unsafe (grade: C, total_risk: 36/100). Plain weighted score exceeded the safety threshold (RiskManager.MAX_TOTAL_RISK=35). Raw components (0-100 each): atr=70 gap=75 overnight=10 news=10 liquidity=20 volatility=30 portfolio=35 sector=10 correlation=24 capital=10."
trade_1790826525695,1790826525.6956384,MAHABANK.NS,BUY,CLOSE,17,83.44000244140625,79.85,CLOSED,-61.03004150390635,-4.3024956092579805,0.0,4.3024956092579805,SIDEWAYS,46.51,Below preferred risk/reward profile.; Trend reversal detected.; Trend reversal confirmed.
paper_STEELXIND_NS_1791172011714,1791172011.7160354,STEELXIND.NS,BUY,OPEN,1341,11.229999542236328,,OPEN,,,,,N/A,0.0,"Morning Executor: gap -4.34% (0.86x ATR, NORMAL band); No company-specific news available. | 20 macro headline(s), bias 0.06 — not a blocker."
paper_WELCORP_NS_1791172019417,1791172019.4192412,WELCORP.NS,BUY,OPEN,5,2649.89990234375,,OPEN,,,,,N/A,0.0,"Morning Executor: gap -0.38% (0.08x ATR, NORMAL band); No company-specific news available. | 20 macro headline(s), bias 0.06 — not a blocker."
paper_BLACKBUCK_NS_1791172023072,1791172023.0744383,BLACKBUCK.NS,BUY,OPEN,22,612.1500244140625,,OPEN,,,,,N/A,0.0,"Morning Executor: gap -3.20% (0.91x ATR, NORMAL band); No company-specific news available. | 20 macro headline(s), bias 0.06 — not a blocker."
paper_SHYAMMETL_NS_1791172026458,1791172026.4603035,SHYAMMETL.NS,BUY,OPEN,12,1054.0,,OPEN,,,,,N/A,0.0,"Morning Executor: gap -4.18% (1.47x ATR, WARNING band); No company-specific news available. | 20 macro headline(s), bias 0.06 — not a blocker."
paper_IRISDOREME_NS_1791172041501,1791172041.5026102,IRISDOREME.NS,BUY,OPEN,199,62.0,,OPEN,,,,,N/A,0.0,"Morning Executor: gap -4.00% (0.88x ATR, NORMAL band); No company-specific news available. | 20 macro headline(s), bias 0.06 — not a blocker."
paper_SOLARA_NS_1791172053480,1791172053.4817352,SOLARA.NS,BUY,OPEN,16,720.0,,OPEN,,,,,N/A,0.0,"Morning Executor: gap -2.97% (0.63x ATR, NORMAL band); No company-specific news available. | 20 macro headline(s), bias 0.06 — not a blocker."
trade_1791172127309,1791172127.3090746,NORTHARC.NS,BUY,CLOSE,39,303.0,293.6,CLOSED,-366.5999999999991,-3.102310231023095,0.0,5.528052805280528,SIDEWAYS,51.21,"Below preferred risk/reward profile.; Risk engine flagged this symbol as unsafe (grade: C, total_risk: 38/100). Plain weighted score exceeded the safety threshold (RiskManager.MAX_TOTAL_RISK=35). Raw components (0-100 each): atr=70 gap=75 overnight=10 news=10 liquidity=20 volatility=30 portfolio=35 sector=10 correlation=30 capital=10.; Risk engine flagged this symbol as unsafe (grade: C, total_risk: 38/100). Plain weighted score exceeded the safety threshold (RiskManager.MAX_TOTAL_RISK=35). Raw components (0-100 each): atr=70 gap=75 overnight=10 news=10 liquidity=20 volatility=30 portfolio=35 sector=10 correlation=30 capital=10."
trade_1791172129823,1791172129.8234155,NRBBEARING.NS,BUY,CLOSE,15,538.0,552.3,CLOSED,214.49999999999932,2.6579925650557534,2.6579925650557534,2.565055762081776,BULL,72.58,"Below preferred risk/reward profile.; Risk engine flagged this symbol as unsafe (grade: C, total_risk: 38/100). Plain weighted score exceeded the safety threshold (RiskManager.MAX_TOTAL_RISK=35). Raw components (0-100 each): atr=70 gap=75 overnight=10 news=10 liquidity=20 volatility=30 portfolio=45 sector=10 correlation=30 capital=10.; Risk engine flagged this symbol as unsafe (grade: C, total_risk: 38/100). Plain weighted score exceeded the safety threshold (RiskManager.MAX_TOTAL_RISK=35). Raw components (0-100 each): atr=70 gap=75 overnight=10 news=10 liquidity=20 volatility=30 portfolio=45 sector=10 correlation=30 capital=10."
trade_1791172132260,1791172132.2608325,STEELXIND.NS,BUY,CLOSE,1341,11.229999542236328,11.34,CLOSED,147.51061386108378,0.9795232613319089,0.9795232613319089,0.0,BULL,52.2,"Below preferred risk/reward profile.; Risk engine flagged this symbol as unsafe (grade: C, total_risk: 38/100). Plain weighted score exceeded the safety threshold (RiskManager.MAX_TOTAL_RISK=35). Raw components (0-100 each): atr=95 gap=10 overnight=10 news=10 liquidity=20 volatility=30 portfolio=45 sector=25 correlation=30 capital=10.; Risk engine flagged this symbol as unsafe (grade: C, total_risk: 38/100). Plain weighted score exceeded the safety threshold (RiskManager.MAX_TOTAL_RISK=35). Raw components (0-100 each): atr=95 gap=10 overnight=10 news=10 liquidity=20 volatility=30 portfolio=45 sector=25 correlation=30 capital=10."
trade_1791172133203,1791172133.2036054,MOTILALOFS.NS,BUY,CLOSE,2,1001.0,1004.0,CLOSED,6.0,0.2997002997002997,2.7372627372627463,0.7842157842157865,BULL,58.18,"Below preferred risk/reward profile.; Risk engine flagged this symbol as unsafe (grade: REJECT, total_risk: 100/100). ValidationEngine rejected this HELD position during monitoring (upstream of RiskManager, which then forces an all-100 REJECT with no per-factor breakdown): 'Circuit breaker active.'. Raw components (0-100 each): atr=100 gap=100 overnight=100 news=100 liquidity=100 volatility=100 portfolio=100 sector=100 correlation=100 capital=100.; Risk engine flagged this symbol as unsafe (grade: REJECT, total_risk: 100/100). ValidationEngine rejected this HELD position during monitoring (upstream of RiskManager, which then forces an all-100 REJECT with no per-factor breakdown): 'Circuit breaker active.'. Raw components (0-100 each): atr=100 gap=100 overnight=100 news=100 liquidity=100 volatility=100 portfolio=100 sector=100 correlation=100 capital=100."
trade_1791172137011,1791172137.0111437,GRANULES.NS,BUY,CLOSE,3,879.25,817.05,CLOSED,-186.60000000000014,-7.074210975263013,0.0,6.596531134489622,SIDEWAYS,46.36,Below preferred risk/reward profile.; Active stop-loss triggered.; Stop-loss triggered.
trade_1791172142111,1791172142.1112607,JKPAPER.NS,BUY,CLOSE,24,408.0,380.05,CLOSED,-670.7999999999997,-6.850490196078429,0.0,5.318627450980389,SIDEWAYS,51.09,Below preferred risk/reward profile.; Active stop-loss triggered.; Stop-loss triggered.
trade_1791172143873,1791172143.8730366,HINDZINC.NS,BUY,CLOSE,4,590.9500122070312,568.15,CLOSED,-91.20004882812509,-3.8581964186580984,1.6921884400377059,4.653525956337057,SIDEWAYS,46.62,"Below preferred risk/reward profile.; Risk engine flagged this symbol as unsafe (grade: REJECT, total_risk: 100/100). ValidationEngine rejected this HELD position during monitoring (upstream of RiskManager, which then forces an all-100 REJECT with no per-factor breakdown): 'Circuit breaker active.'. Raw components (0-100 each): atr=100 gap=100 overnight=100 news=100 liquidity=100 volatility=100 portfolio=100 sector=100 correlation=100 capital=100.; Active stop-loss triggered.; Risk engine flagged this symbol as unsafe (grade: REJECT, total_risk: 100/100). ValidationEngine rejected this HELD position during monitoring (upstream of RiskManager, which then forces an all-100 REJECT with no per-factor breakdown): 'Circuit breaker active.'. Raw components (0-100 each): atr=100 gap=100 overnight=100 news=100 liquidity=100 volatility=100 portfolio=100 sector=100 correlation=100 capital=100."
trade_1791172145617,1791172145.6173055,SAMBHV.NS,BUY,PARTIAL_CLOSE,8,154.0,168.69,OPEN,290.4999999999997,9.538961038961038,9.538961038961038,0.0,BULL,64.88,Break-even stop activated.; Excellent risk/reward profile.; High market volatility.; High market volatility.
trade_1791172148003,1791172148.0036366,SYRMA.NS,BUY,CLOSE,5,1703.0,1745.2,CLOSED,211.00000000000023,2.4779800352319463,4.462712859659425,0.0,BULL,67.91,"Below preferred risk/reward profile.; Risk engine flagged this symbol as unsafe (grade: C, total_risk: 36/100). Plain weighted score exceeded the safety threshold (RiskManager.MAX_TOTAL_RISK=35). Raw components (0-100 each): atr=70 gap=75 overnight=10 news=10 liquidity=20 volatility=30 portfolio=35 sector=10 correlation=30 capital=10.; Risk engine flagged this symbol as unsafe (grade: C, total_risk: 36/100). Plain weighted score exceeded the safety threshold (RiskManager.MAX_TOTAL_RISK=35). Raw components (0-100 each): atr=70 gap=75 overnight=10 news=10 liquidity=20 volatility=30 portfolio=35 sector=10 correlation=30 capital=10."
trade_1791172148958,1791172148.9584472,IRISDOREME.NS,BUY,CLOSE,199,62.0,61.54,CLOSED,-91.54000000000016,-0.7419354838709692,0.0,0.7419354838709692,BULL,57.37,"Below preferred risk/reward profile.; Risk engine flagged this symbol as unsafe (grade: C, total_risk: 36/100). Plain weighted score exceeded the safety threshold (RiskManager.MAX_TOTAL_RISK=35). Raw components (0-100 each): atr=70 gap=75 overnight=10 news=10 liquidity=20 volatility=30 portfolio=35 sector=10 correlation=30 capital=10.; Risk engine flagged this symbol as unsafe (grade: C, total_risk: 36/100). Plain weighted score exceeded the safety threshold (RiskManager.MAX_TOTAL_RISK=35). Raw components (0-100 each): atr=70 gap=75 overnight=10 news=10 liquidity=20 volatility=30 portfolio=35 sector=10 correlation=30 capital=10."
trade_1791172155089,1791172155.0892208,WELCORP.NS,BUY,CLOSE,5,2649.89990234375,2601.9,CLOSED,-239.99951171874955,-1.8113854904970397,0.0,1.8113854904970397,BULL,54.45,"Below preferred risk/reward profile.; Risk engine flagged this symbol as unsafe (grade: D, total_risk: 42/100). Plain weighted score exceeded the safety threshold (RiskManager.MAX_TOTAL_RISK=35). Raw components (0-100 each): atr=95 gap=75 overnight=10 news=10 liquidity=20 volatility=30 portfolio=35 sector=10 correlation=30 capital=10.; Risk engine flagged this symbol as unsafe (grade: D, total_risk: 42/100). Plain weighted score exceeded the safety threshold (RiskManager.MAX_TOTAL_RISK=35). Raw components (0-100 each): atr=95 gap=75 overnight=10 news=10 liquidity=20 volatility=30 portfolio=35 sector=10 correlation=30 capital=10."
trade_1791172156527,1791172156.5278318,DIACABS.NS,BUY,CLOSE,30,355.0,349.0,CLOSED,-180.0,-1.6901408450704223,0.0,1.6901408450704223,BULL,54.4,"Below preferred risk/reward profile.; Risk engine flagged this symbol as unsafe (grade: C, total_risk: 36/100). Plain weighted score exceeded the safety threshold (RiskManager.MAX_TOTAL_RISK=35). Raw components (0-100 each): atr=70 gap=75 overnight=10 news=10 liquidity=20 volatility=30 portfolio=35 sector=10 correlation=30 capital=10.; Risk engine flagged this symbol as unsafe (grade: C, total_risk: 36/100). Plain weighted score exceeded the safety threshold (RiskManager.MAX_TOTAL_RISK=35). Raw components (0-100 each): atr=70 gap=75 overnight=10 news=10 liquidity=20 volatility=30 portfolio=35 sector=10 correlation=30 capital=10."
paper_NRBBEARING_NS_1791258408624,1791258408.6262178,NRBBEARING.NS,BUY,OPEN,29,536.0,,OPEN,,,,,N/A,0.0,"Morning Executor: gap +2.00% (0.46x ATR, NORMAL band); No company-specific news available. | 20 macro headline(s), bias 0.06 — not a blocker."
paper_STEELXIND_NS_1791258410426,1791258410.4276812,STEELXIND.NS,BUY,OPEN,1361,11.149999618530273,,OPEN,,,,,N/A,0.0,"Morning Executor: gap -5.03% (1.00x ATR, WARNING band); No company-specific news available. | 20 macro headline(s), bias 0.06 — not a blocker."
paper_FIVESTAR_NS_1791258412434,1791258412.4358308,FIVESTAR.NS,BUY,OPEN,27,519.0999755859375,,OPEN,,,,,N/A,0.0,"Morning Executor: gap -3.59% (1.09x ATR, WARNING band); No company-specific news available. | 20 macro headline(s), bias 0.06 — not a blocker."
paper_WELCORP_NS_1791258416535,1791258416.5365977,WELCORP.NS,BUY,OPEN,5,2528.199951171875,,OPEN,,,,,N/A,0.0,"Morning Executor: gap -4.96% (1.04x ATR, WARNING band); No company-specific news available. | 20 macro headline(s), bias 0.06 — not a blocker."
paper_IRISDOREME_NS_1791258425981,1791258425.9831984,IRISDOREME.NS,BUY,OPEN,216,60.349998474121094,,OPEN,,,,,N/A,0.0,"Morning Executor: gap -6.55% (1.44x ATR, WARNING band); No company-specific news available. | 20 macro headline(s), bias 0.06 — not a blocker."
paper_SYRMA_NS_1791258429881,1791258429.8842285,SYRMA.NS,BUY,OPEN,7,1738.0999755859375,,OPEN,,,,,N/A,0.0,"Morning Executor: gap +0.53% (0.13x ATR, NORMAL band); No company-specific news available. | 20 macro headline(s), bias 0.06 — not a blocker."
paper_DIACABS_NS_1791258435214,1791258435.216876,DIACABS.NS,BUY,OPEN,33,350.0,,OPEN,,,,,N/A,0.0,"Morning Executor: gap -4.58% (0.94x ATR, NORMAL band); No company-specific news available. | 20 macro headline(s), bias 0.06 — not a blocker."
trade_1791258500138,1791258500.138866,APLAPOLLO.NS,BUY,CLOSE,4,2224.199951171875,2099.6,CLOSED,-498.39980468750036,-5.602012135025293,0.0,5.282796230166601,BULL,48.27,Below preferred risk/reward profile.; Active stop-loss triggered.; Stop-loss triggered.
trade_1791258502955,1791258502.955972,ANANTRAJ.NS,BUY,CLOSE,3,606.0,593.3,CLOSED,-38.100000000000136,-2.095709570957103,3.0610561056105534,4.27392739273927,SIDEWAYS,46.0,"Below preferred risk/reward profile.; Risk engine flagged this symbol as unsafe (grade: C, total_risk: 39/100). Plain weighted score exceeded the safety threshold (RiskManager.MAX_TOTAL_RISK=35). Raw components (0-100 each): atr=70 gap=75 overnight=10 news=10 liquidity=20 volatility=30 portfolio=45 sector=10 correlation=29 capital=10.; Risk engine flagged this symbol as unsafe (grade: C, total_risk: 39/100). Plain weighted score exceeded the safety threshold (RiskManager.MAX_TOTAL_RISK=35). Raw components (0-100 each): atr=70 gap=75 overnight=10 news=10 liquidity=20 volatility=30 portfolio=45 sector=10 correlation=29 capital=10."
trade_1791258504290,1791258504.2904208,MOTHERSON.NS,BUY,CLOSE,15,163.6999969482422,155.68,CLOSED,-120.29995422363271,-4.899204091480772,0.48259197708329865,4.599876046804689,SIDEWAYS,44.48,Below preferred risk/reward profile.; Active stop-loss triggered.; Stop-loss triggered.
trade_1791258505728,1791258505.7289069,MSUMI.NS,SELL,PARTIAL_CLOSE,54,34.9900016784668,32.81,OPEN,117.72009063720691,6.230356027128715,5.715923356750269,3.286648374872541,BEAR,57.49,Break-even stop activated.; Partial profit target reached.; Excellent risk/reward profile.; Partial target achieved.
trade_1791258507195,1791258507.1956787,SAILIFE.NS,BUY,CLOSE,2,1590.0,1495.0,CLOSED,-190.0,-5.9748427672955975,2.4968553459119525,5.515723270440255,BULL,46.05,Below preferred risk/reward profile.; Active stop-loss triggered.; Stop-loss triggered.
trade_1791258508635,1791258508.6357954,NRBBEARING.NS,BUY,CLOSE,29,536.0,541.0,CLOSED,145.0,0.9328358208955223,0.9328358208955223,0.0,BULL,64.77,"Below preferred risk/reward profile.; Risk engine flagged this symbol as unsafe (grade: C, total_risk: 36/100). Plain weighted score exceeded the safety threshold (RiskManager.MAX_TOTAL_RISK=35). Raw components (0-100 each): atr=70 gap=75 overnight=10 news=10 liquidity=20 volatility=30 portfolio=35 sector=10 correlation=29 capital=10.; Risk engine flagged this symbol as unsafe (grade: C, total_risk: 36/100). Plain weighted score exceeded the safety threshold (RiskManager.MAX_TOTAL_RISK=35). Raw components (0-100 each): atr=70 gap=75 overnight=10 news=10 liquidity=20 volatility=30 portfolio=35 sector=10 correlation=29 capital=10."
trade_1791258514584,1791258514.584113,ICIL.NS,BUY,CLOSE,28,437.0,456.4,CLOSED,543.1999999999994,4.439359267734549,6.098398169336379,0.0,BULL,66.22,"Below preferred risk/reward profile.; Risk engine flagged this symbol as unsafe (grade: C, total_risk: 36/100). Plain weighted score exceeded the safety threshold (RiskManager.MAX_TOTAL_RISK=35). Raw components (0-100 each): atr=70 gap=75 overnight=10 news=10 liquidity=20 volatility=30 portfolio=35 sector=10 correlation=29 capital=10.; Risk engine flagged this symbol as unsafe (grade: C, total_risk: 36/100). Plain weighted score exceeded the safety threshold (RiskManager.MAX_TOTAL_RISK=35). Raw components (0-100 each): atr=70 gap=75 overnight=10 news=10 liquidity=20 volatility=30 portfolio=35 sector=10 correlation=29 capital=10."
trade_1791258516103,1791258516.1036904,SYRMA.NS,BUY,CLOSE,7,1738.0999755859375,1709.2,CLOSED,-202.29982910156218,-1.6627337893031655,0.0,1.6627337893031655,BULL,57.79,"Below preferred risk/reward profile.; Risk engine flagged this symbol as unsafe (grade: C, total_risk: 36/100). Plain weighted score exceeded the safety threshold (RiskManager.MAX_TOTAL_RISK=35). Raw components (0-100 each): atr=70 gap=75 overnight=10 news=10 liquidity=20 volatility=30 portfolio=35 sector=10 correlation=29 capital=10.; Risk engine flagged this symbol as unsafe (grade: C, total_risk: 36/100). Plain weighted score exceeded the safety threshold (RiskManager.MAX_TOTAL_RISK=35). Raw components (0-100 each): atr=70 gap=75 overnight=10 news=10 liquidity=20 volatility=30 portfolio=35 sector=10 correlation=29 capital=10."
trade_1791258518350,1791258518.3500907,DIACABS.NS,BUY,CLOSE,33,350.0,354.9,CLOSED,161.69999999999925,1.3999999999999935,1.3999999999999935,0.0,BULL,58.11,"Below preferred risk/reward profile.; Risk engine flagged this symbol as unsafe (grade: C, total_risk: 36/100). Plain weighted score exceeded the safety threshold (RiskManager.MAX_TOTAL_RISK=35). Raw components (0-100 each): atr=70 gap=75 overnight=10 news=10 liquidity=20 volatility=30 portfolio=35 sector=10 correlation=29 capital=10.; Risk engine flagged this symbol as unsafe (grade: C, total_risk: 36/100). Plain weighted score exceeded the safety threshold (RiskManager.MAX_TOTAL_RISK=35). Raw components (0-100 each): atr=70 gap=75 overnight=10 news=10 liquidity=20 volatility=30 portfolio=35 sector=10 correlation=29 capital=10."
trade_1791258521098,1791258521.0986216,SOLARA.NS,BUY,CLOSE,16,720.0,681.05,CLOSED,-623.2000000000007,-5.4097222222222285,0.0,5.4097222222222285,BULL,56.39,"Below preferred risk/reward profile.; Risk engine flagged this symbol as unsafe (grade: REJECT, total_risk: 100/100). ValidationEngine rejected this HELD position during monitoring (upstream of RiskManager, which then forces an all-100 REJECT with no per-factor breakdown): 'Average trading volume is too low.'. Raw components (0-100 each): atr=100 gap=100 overnight=100 news=100 liquidity=100 volatility=100 portfolio=100 sector=100 correlation=100 capital=100.; Risk engine flagged this symbol as unsafe (grade: REJECT, total_risk: 100/100). ValidationEngine rejected this HELD position during monitoring (upstream of RiskManager, which then forces an all-100 REJECT with no per-factor breakdown): 'Average trading volume is too low.'. Raw components (0-100 each): atr=100 gap=100 overnight=100 news=100 liquidity=100 volatility=100 portfolio=100 sector=100 correlation=100 capital=100."
trade_1791258524068,1791258524.0688076,SOUTHBANK.NS,BUY,PARTIAL_CLOSE,2,45.88999938964844,48.57,OPEN,294.9200445556639,5.840053706682113,8.760079895007285,0.5883621556755669,BULL,71.47,Break-even stop activated.; Partial profit target reached.; Excellent risk/reward profile.; Partial target achieved.
trade_1791258525589,1791258525.5897105,WELCORP.NS,BUY,CLOSE,5,2528.199951171875,2597.6,CLOSED,347.00024414062455,2.7450379783433068,2.7450379783433068,0.0,BULL,59.14,"Below preferred risk/reward profile.; Risk engine flagged this symbol as unsafe (grade: D, total_risk: 42/100). Plain weighted score exceeded the safety threshold (RiskManager.MAX_TOTAL_RISK=35). Raw components (0-100 each): atr=95 gap=75 overnight=10 news=10 liquidity=20 volatility=30 portfolio=35 sector=10 correlation=29 capital=10.; Risk engine flagged this symbol as unsafe (grade: D, total_risk: 42/100). Plain weighted score exceeded the safety threshold (RiskManager.MAX_TOTAL_RISK=35). Raw components (0-100 each): atr=95 gap=75 overnight=10 news=10 liquidity=20 volatility=30 portfolio=35 sector=10 correlation=29 capital=10."
trade_1791258529881,1791258529.881138,STEELXIND.NS,BUY,CLOSE,1361,11.149999618530273,11.26,CLOSED,149.71051918029755,0.9865505402073362,0.9865505402073362,0.0,SIDEWAYS,44.9,Below preferred risk/reward profile.; Trend reversal detected.; Trend reversal confirmed.
trade_1791258531405,1791258531.4057813,FIVESTAR.NS,BUY,CLOSE,27,519.0999755859375,528.2,CLOSED,245.70065917968873,1.7530388830765853,1.7530388830765853,0.0,BULL,62.45,Below preferred risk/reward profile.; Trend reversal detected.; Trend reversal confirmed.
